{"stats":{"minecraft:broken":{"minecraft:stone_pickaxe":1,"minecraft:iron_pickaxe":1},"minecraft:mined":{"minecraft:diamond_ore":16,"minecraft:kelp_plant":1,"minecraft:crafting_table":5,"minecraft:torch":2,"minecraft:granite":44,"minecraft:emerald_ore":8,"minecraft:grass_block":1,"minecraft:cobblestone":9,"minecraft:lapis_ore":13,"minecraft:kelp":3,"minecraft:diorite":99,"minecraft:wall_torch":5,"minecraft:redstone_ore":2,"minecraft:furnace":2,"minecraft:iron_ore":99,"minecraft:spruce_log":3,"minecraft:birch_leaves":2,"minecraft:andesite":41,"minecraft:grass":1,"minecraft:oak_log":24,"minecraft:coal_ore":88,"minecraft:gravel":40,"minecraft:dirt":22,"minecraft:stone":1532,"minecraft:gold_ore":20,"minecraft:oak_leaves":2,"minecraft:infested_stone":2},"minecraft:killed_by":{"minecraft:player":2,"minecraft:skeleton":1,"minecraft:creeper":1},"minecraft:picked_up":{"minecraft:crafting_table":5,"minecraft:andesite":40,"minecraft:salmon":4,"minecraft:flint":5,"minecraft:oak_log":24,"minecraft:lapis_lazuli":80,"minecraft:dirt":23,"minecraft:string":1,"minecraft:kelp":4,"minecraft:iron_ore":100,"minecraft:iron_sword":1,"minecraft:furnace":2,"minecraft:torch":8,"minecraft:gravel":29,"minecraft:porkchop":3,"minecraft:diorite":81,"minecraft:spruce_log":3,"minecraft:redstone":9,"minecraft:gold_ore":20,"minecraft:rotten_flesh":7,"minecraft:diamond":16,"minecraft:tropical_fish":8,"minecraft:granite":38,"minecraft:bone_meal":1,"minecraft:emerald":8,"minecraft:mutton":1,"minecraft:cod":6,"minecraft:coal":158,"minecraft:white_wool":1,"minecraft:cobblestone":1113},"minecraft:custom":{"minecraft:interact_with_furnace":37,"minecraft:mob_kills":24,"minecraft:interact_with_crafting_table":20,"minecraft:play_one_minute":101099,"minecraft:leave_game":9,"minecraft:time_since_death":78664,"minecraft:time_since_rest":78743,"minecraft:sprint_one_cm":201706,"minecraft:damage_taken":1931,"minecraft:walk_one_cm":161026,"minecraft:drop":20,"minecraft:damage_dealt":1810,"minecraft:swim_one_cm":42670,"minecraft:fly_one_cm":419209,"minecraft:open_chest":2,"minecraft:crouch_one_cm":40942,"minecraft:deaths":7,"minecraft:sneak_time":13399,"minecraft:walk_under_water_one_cm":29599,"minecraft:jump":2105,"minecraft:walk_on_water_one_cm":12534,"minecraft:fall_one_cm":61070},"minecraft:used":{"minecraft:water_bucket":16,"minecraft:tropical_fish":8,"minecraft:dried_kelp":4,"minecraft:stone_pickaxe":131,"minecraft:wooden_pickaxe":7,"minecraft:iron_sword":36,"minecraft:rotten_flesh":6,"minecraft:white_wool":1,"minecraft:salmon":4,"minecraft:torch":43,"minecraft:dirt":1,"minecraft:mutton":1,"minecraft:crafting_table":6,"minecraft:cod":6,"minecraft:granite":1,"minecraft:wooden_axe":19,"minecraft:diamond_pickaxe":1451,"minecraft:lava_bucket":7,"minecraft:diamond_shovel":61,"minecraft:iron_axe":1,"minecraft:iron_pickaxe":393,"minecraft:stone_axe":1,"minecraft:diamond_sword":6,"minecraft:cobblestone":121,"minecraft:furnace":2,"minecraft:porkchop":3,"minecraft:andesite":20,"minecraft:bucket":24},"minecraft:dropped":{"minecraft:gravel":29,"minecraft:iron_sword":1,"minecraft:stone_axe":1,"minecraft:stone_sword":1,"minecraft:stone_shovel":1,"minecraft:cobblestone":343,"minecraft:granite":37,"minecraft:diorite":17,"minecraft:wooden_axe":1,"minecraft:andesite":20,"minecraft:wooden_pickaxe":1},"minecraft:killed":{"minecraft:pig":1,"minecraft:salmon":4,"minecraft:spider":1,"minecraft:cod":6,"minecraft:zombie":4,"minecraft:tropical_fish":8},"minecraft:crafted":{"minecraft:oak_planks":84,"minecraft:stone_shovel":1,"minecraft:diamond_sword":1,"minecraft:diamond_axe":1,"minecraft:crafting_table":3,"minecraft:iron_helmet":1,"minecraft:dried_kelp":4,"minecraft:wooden_pickaxe":3,"minecraft:iron_sword":1,"minecraft:furnace":1,"minecraft:bucket":1,"minecraft:diamond_shovel":1,"minecraft:stone_axe":1,"minecraft:air":0,"minecraft:iron_boots":1,"minecraft:iron_chestplate":1,"minecraft:diamond_pickaxe":1,"minecraft:shield":1,"minecraft:iron_axe":1,"minecraft:stick":60,"minecraft:iron_ingot":40,"minecraft:iron_pickaxe":2,"minecraft:stone_pickaxe":1,"minecraft:wooden_axe":3,"minecraft:stone_sword":1,"minecraft:iron_shovel":1,"minecraft:iron_leggings":1,"minecraft:torch":68}},"DataVersion":2580}