{"stats":{"minecraft:killed":{"minecraft:spider":1,"minecraft:skeleton":11,"minecraft:sheep":4,"minecraft:zombie":10,"minecraft:enderman":1,"minecraft:cow":4},"minecraft:mined":{"minecraft:nether_gold_ore":37,"minecraft:diamond_ore":4,"minecraft:cobblestone_stairs":1,"minecraft:brewing_stand":2,"minecraft:spruce_trapdoor":1,"minecraft:granite":14,"minecraft:grass_block":9,"minecraft:spruce_leaves":13,"minecraft:red_mushroom":1,"minecraft:redstone_ore":7,"minecraft:iron_ore":63,"minecraft:fire":7,"minecraft:bell":1,"minecraft:bookshelf":8,"minecraft:cobblestone_slab":2,"minecraft:stone":493,"minecraft:orange_bed":2,"minecraft:crafting_table":2,"minecraft:emerald_ore":1,"minecraft:chest":1,"minecraft:lectern":1,"minecraft:tall_grass":6,"minecraft:cobblestone":14,"minecraft:lapis_ore":5,"minecraft:diorite":35,"minecraft:wall_torch":4,"minecraft:birch_planks":2,"minecraft:spruce_log":37,"minecraft:grass":9,"minecraft:oak_log":16,"minecraft:coal_ore":50,"minecraft:gravel":31,"minecraft:sand":4,"minecraft:dirt":36,"minecraft:netherrack":40,"minecraft:gold_ore":8,"minecraft:oak_leaves":2,"minecraft:infested_stone":1},"minecraft:dropped":{"minecraft:gold_ingot":30,"minecraft:white_bed":1,"minecraft:oak_sapling":2},"minecraft:used":{"minecraft:stone_shovel":18,"minecraft:spruce_planks":93,"minecraft:chest":3,"minecraft:shield":15,"minecraft:iron_sword":41,"minecraft:bell":1,"minecraft:rotten_flesh":8,"minecraft:netherrack":22,"minecraft:orange_bed":3,"minecraft:torch":83,"minecraft:brewing_stand":2,"minecraft:dirt":61,"minecraft:anvil":1,"minecraft:lava_bucket":1,"minecraft:iron_axe":86,"minecraft:furnace":2,"minecraft:egg":2,"minecraft:cooked_beef":9,"minecraft:cooked_mutton":7,"minecraft:water_bucket":2,"minecraft:cobblestone_stairs":61,"minecraft:stone_pickaxe":125,"minecraft:ender_pearl":2,"minecraft:wooden_pickaxe":15,"minecraft:diamond_axe":23,"minecraft:cobblestone_slab":6,"minecraft:crafting_table":4,"minecraft:white_bed":1,"minecraft:diamond_pickaxe":193,"minecraft:bread":2,"minecraft:iron_pickaxe":451,"minecraft:spruce_trapdoor":2,"minecraft:spruce_sapling":2,"minecraft:gravel":17,"minecraft:stone_axe":17,"minecraft:cobblestone":294,"minecraft:cooked_porkchop":9,"minecraft:bucket":5},"minecraft:custom":{"minecraft:mob_kills":31,"minecraft:interact_with_crafting_table":40,"minecraft:bell_ring":16,"minecraft:leave_game":3,"minecraft:time_since_death":19916,"minecraft:sprint_one_cm":349902,"minecraft:walk_one_cm":373287,"minecraft:damage_blocked_by_shield":1715,"minecraft:drop":7,"minecraft:talked_to_villager":17,"minecraft:deaths":2,"minecraft:sneak_time":11364,"minecraft:walk_under_water_one_cm":2570,"minecraft:jump":2791,"minecraft:interact_with_brewingstand":10,"minecraft:walk_on_water_one_cm":3953,"minecraft:interact_with_furnace":51,"minecraft:interact_with_cartography_table":1,"minecraft:play_one_minute":146870,"minecraft:sleep_in_bed":1,"minecraft:time_since_rest":19942,"minecraft:damage_taken":2622,"minecraft:damage_dealt":5675,"minecraft:swim_one_cm":5521,"minecraft:fly_one_cm":320479,"minecraft:open_chest":39,"minecraft:crouch_one_cm":43282,"minecraft:interact_with_smoker":12,"minecraft:fall_one_cm":65371},"minecraft:picked_up":{"minecraft:wooden_axe":1,"minecraft:crafting_table":2,"minecraft:splash_potion":1,"minecraft:wooden_pickaxe":1,"minecraft:nether_brick":5,"minecraft:brewing_stand":2,"minecraft:golden_sword":1,"minecraft:blackstone":32,"minecraft:gold_nugget":139,"minecraft:beef":9,"minecraft:cobblestone_slab":2,"minecraft:lectern":1,"minecraft:chest":1,"minecraft:spruce_trapdoor":1,"minecraft:egg":2,"minecraft:stick":10,"minecraft:torch":7,"minecraft:fire_charge":2,"minecraft:diorite":31,"minecraft:redstone":33,"minecraft:orange_bed":3,"minecraft:rotten_flesh":12,"minecraft:stone_sword":1,"minecraft:arrow":15,"minecraft:stone_shovel":1,"minecraft:gold_ingot":15,"minecraft:mutton":6,"minecraft:obsidian":1,"minecraft:white_wool":4,"minecraft:cobblestone":477,"minecraft:andesite":7,"minecraft:leather":8,"minecraft:red_mushroom":2,"minecraft:birch_planks":2,"minecraft:flint":1,"minecraft:oak_log":16,"minecraft:cobblestone_stairs":1,"minecraft:dirt":65,"minecraft:lapis_lazuli":29,"minecraft:bone":7,"minecraft:wheat_seeds":2,"minecraft:bell":1,"minecraft:iron_ore":60,"minecraft:soul_sand":12,"minecraft:book":24,"minecraft:quartz":10,"minecraft:gravel":28,"minecraft:sand":5,"minecraft:spruce_sapling":15,"minecraft:white_bed":2,"minecraft:spruce_log":37,"minecraft:gold_ore":8,"minecraft:spectral_arrow":9,"minecraft:diamond":7,"minecraft:stone_axe":1,"minecraft:granite":12,"minecraft:oak_sapling":4,"minecraft:netherrack":37,"minecraft:coal":50,"minecraft:ender_pearl":8},"minecraft:crafted":{"minecraft:oak_planks":64,"minecraft:cobblestone_slab":6,"minecraft:stone_shovel":1,"minecraft:furnace":2,"minecraft:cobblestone_stairs":60,"minecraft:cooked_mutton":7,"minecraft:glass":13,"minecraft:iron_boots":1,"minecraft:iron_axe":1,"minecraft:stone_pickaxe":2,"minecraft:chest":2,"minecraft:golden_boots":1,"minecraft:cooked_beef":9,"minecraft:cooked_porkchop":9,"minecraft:diamond_axe":1,"minecraft:crafting_table":2,"minecraft:spruce_planks":148,"minecraft:wooden_pickaxe":1,"minecraft:iron_helmet":1,"minecraft:iron_sword":1,"minecraft:bucket":1,"minecraft:stone_axe":1,"minecraft:air":0,"minecraft:spruce_trapdoor":2,"minecraft:iron_chestplate":1,"minecraft:diamond_pickaxe":1,"minecraft:shield":1,"minecraft:stick":40,"minecraft:iron_ingot":83,"minecraft:iron_pickaxe":3,"minecraft:iron_block":3,"minecraft:iron_leggings":1,"minecraft:gold_ingot":19,"minecraft:anvil":1,"minecraft:white_bed":1,"minecraft:torch":76},"minecraft:killed_by":{"minecraft:spider":1}},"DataVersion":2580}