{"stats":{"minecraft:broken":{"minecraft:golden_helmet":1,"minecraft:stone_pickaxe":2,"minecraft:iron_pickaxe":2},"minecraft:mined":{"minecraft:nether_gold_ore":64,"minecraft:white_bed":2,"minecraft:granite":16,"minecraft:grass_block":8,"minecraft:spruce_leaves":4,"minecraft:redstone_ore":5,"minecraft:furnace":10,"minecraft:iron_ore":79,"minecraft:fire":4,"minecraft:andesite":17,"minecraft:stone":311,"minecraft:clay":1,"minecraft:crafting_table":26,"minecraft:campfire":1,"minecraft:cobblestone":8,"minecraft:diorite":4,"minecraft:wall_torch":4,"minecraft:birch_leaves":3,"minecraft:grass":1,"minecraft:oak_log":39,"minecraft:coal_ore":123,"minecraft:gravel":17,"minecraft:sand":13,"minecraft:dirt":26,"minecraft:netherrack":421,"minecraft:oak_leaves":33},"minecraft:killed_by":{"minecraft:enderman":1,"minecraft:piglin":1},"minecraft:picked_up":{"minecraft:wooden_axe":1,"minecraft:charcoal":2,"minecraft:crafting_table":27,"minecraft:iron_chestplate":1,"minecraft:splash_potion":1,"minecraft:clay_ball":4,"minecraft:wooden_pickaxe":2,"minecraft:nether_brick":6,"minecraft:shield":1,"minecraft:golden_sword":2,"minecraft:iron_axe":1,"minecraft:flint_and_steel":1,"minecraft:blackstone":26,"minecraft:gold_nugget":259,"minecraft:beef":19,"minecraft:oak_boat":10,"minecraft:iron_nugget":67,"minecraft:poppy":1,"minecraft:iron_pickaxe":1,"minecraft:light_gray_wool":2,"minecraft:furnace":13,"minecraft:iron_boots":1,"minecraft:golden_helmet":1,"minecraft:stick":4,"minecraft:torch":25,"minecraft:fire_charge":3,"minecraft:porkchop":2,"minecraft:diorite":17,"minecraft:redstone":44,"minecraft:stone_sword":3,"minecraft:rotten_flesh":11,"minecraft:honey_bottle":1,"minecraft:stone_shovel":2,"minecraft:gold_ingot":6,"minecraft:obsidian":3,"minecraft:mutton":14,"minecraft:white_wool":7,"minecraft:cobblestone":327,"minecraft:magma_cream":1,"minecraft:water_bucket":1,"minecraft:andesite":19,"minecraft:leather":5,"minecraft:flint":1,"minecraft:oak_log":44,"minecraft:dirt":45,"minecraft:cooked_mutton":6,"minecraft:bone":2,"minecraft:iron_ingot":10,"minecraft:iron_ore":162,"minecraft:glass_bottle":4,"minecraft:oak_planks":1,"minecraft:soul_sand":11,"minecraft:gravel":36,"minecraft:sand":13,"minecraft:white_bed":3,"minecraft:crying_obsidian":5,"minecraft:iron_helmet":2,"minecraft:granite":16,"minecraft:oak_sapling":1,"minecraft:netherrack":302,"minecraft:coal":161},"minecraft:custom":{"minecraft:mob_kills":36,"minecraft:interact_with_crafting_table":46,"minecraft:leave_game":7,"minecraft:time_since_death":15506,"minecraft:climb_one_cm":155,"minecraft:sprint_one_cm":215374,"minecraft:walk_one_cm":442615,"minecraft:damage_blocked_by_shield":980,"minecraft:drop":63,"minecraft:deaths":4,"minecraft:sneak_time":10384,"minecraft:walk_under_water_one_cm":1376,"minecraft:boat_one_cm":1818,"minecraft:jump":2239,"minecraft:walk_on_water_one_cm":14459,"minecraft:interact_with_furnace":68,"minecraft:play_one_minute":128508,"minecraft:sleep_in_bed":2,"minecraft:time_since_rest":15551,"minecraft:damage_taken":2083,"minecraft:damage_dealt":4785,"minecraft:swim_one_cm":1783,"minecraft:fly_one_cm":224277,"minecraft:player_kills":2,"minecraft:open_chest":6,"minecraft:crouch_one_cm":17989,"minecraft:fall_one_cm":49871},"minecraft:used":{"minecraft:stone_sword":2,"minecraft:flint_and_steel":2,"minecraft:stone_shovel":49,"minecraft:shield":18,"minecraft:netherrack":132,"minecraft:torch":45,"minecraft:dirt":19,"minecraft:iron_axe":69,"minecraft:furnace":11,"minecraft:cooked_beef":5,"minecraft:cooked_mutton":11,"minecraft:water_bucket":3,"minecraft:stone_pickaxe":419,"minecraft:oak_planks":2,"minecraft:wooden_pickaxe":52,"minecraft:crafting_table":27,"minecraft:white_bed":2,"minecraft:campfire":1,"minecraft:iron_pickaxe":597,"minecraft:gravel":12,"minecraft:stone_axe":41,"minecraft:cobblestone":112,"minecraft:porkchop":2,"minecraft:bucket":4,"minecraft:oak_boat":9},"minecraft:dropped":{"minecraft:iron_ingot":1,"minecraft:soul_sand":11,"minecraft:glass_bottle":2,"minecraft:iron_helmet":1,"minecraft:cobblestone":7,"minecraft:stick":1,"minecraft:dirt":2,"minecraft:diorite":8,"minecraft:gold_nugget":16,"minecraft:white_wool":4,"minecraft:gold_ingot":25,"minecraft:gravel":15,"minecraft:iron_nugget":67,"minecraft:stone_sword":3,"minecraft:nether_brick":6,"minecraft:obsidian":1,"minecraft:rotten_flesh":6,"minecraft:light_gray_wool":2,"minecraft:clay_ball":4,"minecraft:oak_planks":2,"minecraft:andesite":16,"minecraft:oak_sapling":1,"minecraft:golden_sword":2,"minecraft:netherrack":3},"minecraft:killed":{"minecraft:skeleton":1,"minecraft:magma_cube":5,"minecraft:piglin":5,"minecraft:pig":1,"minecraft:sheep":9,"minecraft:zombie":6,"minecraft:enderman":1,"minecraft:cow":8},"minecraft:crafted":{"minecraft:oak_planks":104,"minecraft:stone_shovel":3,"minecraft:furnace":6,"minecraft:cooked_mutton":12,"minecraft:flint_and_steel":1,"minecraft:glass":3,"minecraft:iron_boots":2,"minecraft:iron_axe":1,"minecraft:stone_pickaxe":4,"minecraft:golden_helmet":1,"minecraft:cooked_beef":5,"minecraft:glass_bottle":3,"minecraft:crafting_table":4,"minecraft:wooden_pickaxe":3,"minecraft:iron_helmet":1,"minecraft:bucket":1,"minecraft:campfire":1,"minecraft:stone_axe":3,"minecraft:air":0,"minecraft:oak_boat":2,"minecraft:iron_chestplate":1,"minecraft:shield":2,"minecraft:stick":80,"minecraft:iron_pickaxe":3,"minecraft:iron_ingot":49,"minecraft:stone_sword":2,"minecraft:gold_ingot":27,"minecraft:white_bed":1,"minecraft:torch":64}},"DataVersion":2580}