{"stats":{"minecraft:broken":{"minecraft:stone_pickaxe":2,"minecraft:stone_axe":3,"minecraft:iron_pickaxe":5},"minecraft:mined":{"minecraft:diamond_ore":39,"minecraft:stone_pressure_plate":1,"minecraft:white_bed":1,"minecraft:dark_oak_leaves":1,"minecraft:oak_door":2,"minecraft:dark_oak_log":29,"minecraft:brewing_stand":3,"minecraft:obsidian":11,"minecraft:nether_bricks":14,"minecraft:granite":28,"minecraft:grass_block":40,"minecraft:composter":4,"minecraft:sandstone":1,"minecraft:hay_block":33,"minecraft:redstone_ore":22,"minecraft:magma_block":4,"minecraft:glowstone":7,"minecraft:furnace":1,"minecraft:iron_ore":142,"minecraft:fire":7,"minecraft:andesite":70,"minecraft:bell":3,"minecraft:bookshelf":1,"minecraft:stone":1276,"minecraft:orange_bed":2,"minecraft:cut_sandstone":1,"minecraft:orange_terracotta":2,"minecraft:basalt":39,"minecraft:dandelion":1,"minecraft:torch":1,"minecraft:emerald_ore":1,"minecraft:dead_bush":11,"minecraft:lectern":1,"minecraft:tall_grass":7,"minecraft:cobblestone":16,"minecraft:cyan_bed":1,"minecraft:oak_planks":14,"minecraft:sugar_cane":17,"minecraft:diorite":38,"minecraft:wall_torch":9,"minecraft:birch_planks":16,"minecraft:cactus":1,"minecraft:birch_log":206,"minecraft:wheat":1,"minecraft:birch_leaves":18,"minecraft:tnt":9,"minecraft:grass":36,"minecraft:coal_ore":45,"minecraft:oak_log":27,"minecraft:dirt":61,"minecraft:sand":26,"minecraft:netherrack":40,"minecraft:gold_ore":2,"minecraft:oak_leaves":3},"minecraft:killed_by":{"minecraft:creeper":1},"minecraft:picked_up":{"minecraft:iron_chestplate":1,"minecraft:wheat":6,"minecraft:golden_pickaxe":1,"minecraft:diamond_sword":4,"minecraft:potion":5,"minecraft:brewing_stand":3,"minecraft:shield":3,"minecraft:golden_sword":1,"minecraft:string":22,"minecraft:iron_axe":1,"minecraft:flint_and_steel":1,"minecraft:iron_leggings":2,"minecraft:compass":1,"minecraft:bucket":1,"minecraft:poppy":3,"minecraft:iron_pickaxe":4,"minecraft:enchanted_golden_apple":2,"minecraft:lectern":1,"minecraft:sugar_cane":46,"minecraft:birch_sapling":10,"minecraft:furnace":1,"minecraft:iron_boots":1,"minecraft:egg":9,"minecraft:stick":32,"minecraft:sandstone":1,"minecraft:oak_door":5,"minecraft:composter":4,"minecraft:torch":14,"minecraft:porkchop":13,"minecraft:diorite":3,"minecraft:carrot":69,"minecraft:redstone":126,"minecraft:iron_horse_armor":1,"minecraft:stone_pressure_plate":1,"minecraft:dark_oak_planks":2,"minecraft:tnt":27,"minecraft:orange_bed":1,"minecraft:arrow":15,"minecraft:cactus":3,"minecraft:stone_shovel":2,"minecraft:rotten_flesh":31,"minecraft:diamond_chestplate":1,"minecraft:nether_bricks":13,"minecraft:diamond_boots":1,"minecraft:hay_block":64,"minecraft:bookshelf":55,"minecraft:blaze_rod":17,"minecraft:obsidian":11,"minecraft:mutton":3,"minecraft:white_wool":2,"minecraft:cobblestone":912,"minecraft:birch_log":217,"minecraft:magma_block":3,"minecraft:basalt":36,"minecraft:golden_carrot":9,"minecraft:water_bucket":1,"minecraft:andesite":36,"minecraft:cut_sandstone":1,"minecraft:birch_planks":23,"minecraft:oak_log":27,"minecraft:golden_boots":1,"minecraft:gunpowder":9,"minecraft:wither_skeleton_skull":2,"minecraft:map":8,"minecraft:lapis_lazuli":1,"minecraft:dirt":204,"minecraft:orange_terracotta":2,"minecraft:bone":22,"minecraft:wheat_seeds":5,"minecraft:bell":3,"minecraft:rabbit_hide":1,"minecraft:iron_ingot":5,"minecraft:iron_ore":171,"minecraft:rabbit":1,"minecraft:glowstone_dust":43,"minecraft:iron_sword":1,"minecraft:oak_planks":18,"minecraft:book":3,"minecraft:gravel":14,"minecraft:sand":26,"minecraft:cyan_bed":2,"minecraft:dark_oak_log":60,"minecraft:spider_eye":9,"minecraft:diamond":40,"minecraft:stone_axe":1,"minecraft:iron_helmet":2,"minecraft:granite":12,"minecraft:golden_apple":1,"minecraft:emerald":13,"minecraft:netherrack":31,"minecraft:coal":104,"minecraft:diamond_pickaxe":2},"minecraft:custom":{"minecraft:interact_with_anvil":4,"minecraft:mob_kills":124,"minecraft:interact_with_crafting_table":40,"minecraft:bell_ring":136,"minecraft:leave_game":20,"minecraft:time_since_death":59238,"minecraft:damage_resisted":1710,"minecraft:sprint_one_cm":410030,"minecraft:damage_blocked_by_shield":1760,"minecraft:walk_one_cm":524466,"minecraft:drop":74,"minecraft:talked_to_villager":26,"minecraft:sneak_time":16424,"minecraft:deaths":8,"minecraft:walk_under_water_one_cm":19541,"minecraft:interact_with_brewingstand":29,"minecraft:jump":4864,"minecraft:walk_on_water_one_cm":15657,"minecraft:enchant_item":10,"minecraft:interact_with_furnace":20,"minecraft:traded_with_villager":6,"minecraft:interact_with_cartography_table":1,"minecraft:play_one_minute":273359,"minecraft:sleep_in_bed":5,"minecraft:time_since_rest":59260,"minecraft:damage_taken":4344,"minecraft:damage_dealt":21801,"minecraft:swim_one_cm":19016,"minecraft:fly_one_cm":675686,"minecraft:open_chest":53,"minecraft:crouch_one_cm":40860,"minecraft:interact_with_smoker":7,"minecraft:fall_one_cm":144577},"minecraft:used":{"minecraft:enchanting_table":1,"minecraft:flint_and_steel":4,"minecraft:stone_shovel":35,"minecraft:chest":2,"minecraft:shield":32,"minecraft:stone":5,"minecraft:bell":2,"minecraft:orange_bed":1,"minecraft:oak_door":10,"minecraft:torch":162,"minecraft:brewing_stand":4,"minecraft:dirt":68,"minecraft:carrot":8,"minecraft:granite":9,"minecraft:obsidian":21,"minecraft:lava_bucket":6,"minecraft:bookshelf":19,"minecraft:iron_axe":135,"minecraft:dark_oak_slab":3,"minecraft:basalt":34,"minecraft:golden_carrot":12,"minecraft:hay_block":2,"minecraft:furnace":3,"minecraft:egg":5,"minecraft:cooked_beef":17,"minecraft:cooked_mutton":7,"minecraft:water_bucket":28,"minecraft:diorite":1,"minecraft:birch_planks":305,"minecraft:glass_bottle":6,"minecraft:stone_pickaxe":264,"minecraft:oak_planks":61,"minecraft:cactus":3,"minecraft:wooden_pickaxe":8,"minecraft:composter":4,"minecraft:white_wool":2,"minecraft:sand":1,"minecraft:crafting_table":6,"minecraft:white_bed":2,"minecraft:smoker":1,"minecraft:diamond_pickaxe":175,"minecraft:dark_oak_log":20,"minecraft:iron_pickaxe":1422,"minecraft:command_block":9,"minecraft:bread":20,"minecraft:cyan_bed":1,"minecraft:lectern":2,"minecraft:stone_axe":296,"minecraft:diamond_sword":237,"minecraft:cobblestone":310,"minecraft:andesite":17,"minecraft:bucket":29,"minecraft:birch_log":15,"minecraft:repeating_command_block":12,"minecraft:splash_potion":1},"minecraft:dropped":{"minecraft:golden_boots":1,"minecraft:iron_sword":1,"minecraft:birch_planks":2,"minecraft:wheat_seeds":5,"minecraft:lapis_lazuli":1,"minecraft:diamond":4,"minecraft:bookshelf":55,"minecraft:dark_oak_slab":9,"minecraft:cobblestone":18,"minecraft:leather":5,"minecraft:granite":2,"minecraft:coal":15,"minecraft:stick":17,"minecraft:dirt":12,"minecraft:dark_oak_log":7,"minecraft:diorite":2,"minecraft:torch":3,"minecraft:mutton":1,"minecraft:sand":6,"minecraft:iron_axe":1,"minecraft:iron_pickaxe":2,"minecraft:string":2,"minecraft:dark_oak_planks":2,"minecraft:bucket":1,"minecraft:bone":5,"minecraft:oak_door":1,"minecraft:gravel":7,"minecraft:birch_sapling":10,"minecraft:wheat":1,"minecraft:stone_shovel":2,"minecraft:rotten_flesh":14,"minecraft:oak_planks":1,"minecraft:diamond_sword":2,"minecraft:poppy":1,"minecraft:hay_block":1,"minecraft:gunpowder":2,"minecraft:orange_terracotta":2,"minecraft:diamond_pickaxe":1,"minecraft:stone_pressure_plate":1,"minecraft:spider_eye":9,"minecraft:sandstone":1,"minecraft:basalt":1,"minecraft:arrow":1,"minecraft:wooden_pickaxe":1,"minecraft:magma_block":3,"minecraft:netherrack":2},"minecraft:killed":{"minecraft:spider":15,"minecraft:skeleton":19,"minecraft:silverfish":1,"minecraft:magma_cube":14,"minecraft:piglin":1,"minecraft:pig":8,"minecraft:iron_golem":1,"minecraft:creeper":5,"minecraft:sheep":2,"minecraft:zombie":44,"minecraft:wither_skeleton":1,"minecraft:blaze":11},"minecraft:crafted":{"minecraft:oak_door":6,"minecraft:oak_planks":108,"minecraft:stone_shovel":1,"minecraft:blaze_powder":6,"minecraft:furnace":4,"minecraft:bookshelf":10,"minecraft:cooked_mutton":7,"minecraft:glass":3,"minecraft:diamond_helmet":1,"minecraft:diamond_leggings":1,"minecraft:stone_pickaxe":2,"minecraft:chest":2,"minecraft:diamond_boots":1,"minecraft:dark_oak_planks":36,"minecraft:smoker":1,"minecraft:wheat":346,"minecraft:glass_bottle":3,"minecraft:emerald":5,"minecraft:crafting_table":6,"minecraft:enchanting_table":1,"minecraft:wooden_pickaxe":1,"minecraft:bucket":1,"minecraft:brewing_stand":1,"minecraft:birch_planks":256,"minecraft:stone_axe":2,"minecraft:enchanted_book":1,"minecraft:bread":115,"minecraft:air":0,"minecraft:dark_oak_slab":12,"minecraft:book":7,"minecraft:paper":21,"minecraft:diamond_pickaxe":1,"minecraft:stick":20,"minecraft:iron_ingot":3,"minecraft:iron_pickaxe":1,"minecraft:gold_ingot":4,"minecraft:torch":16,"minecraft:diamond_chestplate":1}},"DataVersion":2580}