{"stats":{"minecraft:broken":{"minecraft:stone_pickaxe":8,"minecraft:wooden_pickaxe":2},"minecraft:mined":{"minecraft:white_bed":7,"minecraft:cobblestone_stairs":3,"minecraft:dark_oak_log":10,"minecraft:crafting_table":8,"minecraft:torch":1,"minecraft:granite":42,"minecraft:emerald_ore":1,"minecraft:spruce_fence":3,"minecraft:grass_block":190,"minecraft:poppy":1,"minecraft:tall_grass":3,"minecraft:cobblestone":28,"minecraft:spruce_leaves":13,"minecraft:diorite_stairs":3,"minecraft:sugar_cane":16,"minecraft:diorite":54,"minecraft:wall_torch":24,"minecraft:redstone_ore":2,"minecraft:furnace":4,"minecraft:iron_ore":148,"minecraft:birch_log":2,"minecraft:wheat":24,"minecraft:spruce_log":50,"minecraft:birch_leaves":2,"minecraft:andesite":68,"minecraft:pumpkin":22,"minecraft:grass":50,"minecraft:coal_ore":112,"minecraft:oak_log":19,"minecraft:gravel":30,"minecraft:dirt":191,"minecraft:spruce_fence_gate":2,"minecraft:stone":922,"minecraft:gold_ore":1,"minecraft:oak_leaves":15,"minecraft:infested_stone":3},"minecraft:killed_by":{"minecraft:skeleton":2,"minecraft:creeper":2,"minecraft:spider":1,"minecraft:zombie":2},"minecraft:picked_up":{"minecraft:birch_log":2,"minecraft:crafting_table":9,"minecraft:wheat":14,"minecraft:andesite":70,"minecraft:leather":3,"minecraft:brown_wool":1,"minecraft:wooden_pickaxe":2,"minecraft:potato":1,"minecraft:birch_button":1,"minecraft:oak_log":20,"minecraft:gunpowder":1,"minecraft:cobblestone_stairs":3,"minecraft:dirt":459,"minecraft:diorite_stairs":3,"minecraft:string":1,"minecraft:cooked_mutton":1,"minecraft:bone":2,"minecraft:wheat_seeds":52,"minecraft:spruce_planks":4,"minecraft:beef":16,"minecraft:stone_pickaxe":5,"minecraft:iron_ore":222,"minecraft:poppy":1,"minecraft:sugar_cane":23,"minecraft:birch_sapling":3,"minecraft:furnace":4,"minecraft:stick":6,"minecraft:pumpkin":22,"minecraft:torch":39,"minecraft:gravel":30,"minecraft:spruce_fence":4,"minecraft:porkchop":2,"minecraft:spruce_sapling":2,"minecraft:diorite":58,"minecraft:white_bed":7,"minecraft:spruce_log":55,"minecraft:redstone":9,"minecraft:gold_ore":1,"minecraft:dark_oak_log":10,"minecraft:spruce_fence_gate":2,"minecraft:arrow":2,"minecraft:rotten_flesh":2,"minecraft:granite":42,"minecraft:emerald":1,"minecraft:oak_sapling":2,"minecraft:mutton":21,"minecraft:coal":127,"minecraft:white_wool":10,"minecraft:cobblestone":953},"minecraft:custom":{"minecraft:interact_with_furnace":69,"minecraft:mob_kills":33,"minecraft:animals_bred":6,"minecraft:interact_with_crafting_table":55,"minecraft:play_one_minute":319023,"minecraft:leave_game":10,"minecraft:time_since_death":102157,"minecraft:sleep_in_bed":11,"minecraft:climb_one_cm":915,"minecraft:time_since_rest":10491,"minecraft:sprint_one_cm":363723,"minecraft:damage_taken":3598,"minecraft:walk_one_cm":1306931,"minecraft:drop":4,"minecraft:damage_dealt":3758,"minecraft:swim_one_cm":13573,"minecraft:fly_one_cm":253861,"minecraft:open_chest":43,"minecraft:crouch_one_cm":6504,"minecraft:deaths":11,"minecraft:sneak_time":4547,"minecraft:walk_under_water_one_cm":3008,"minecraft:jump":3363,"minecraft:walk_on_water_one_cm":16759,"minecraft:fall_one_cm":37747,"minecraft:horse_one_cm":2689},"minecraft:used":{"minecraft:wheat_seeds":24,"minecraft:cooked_mutton":6,"minecraft:water_bucket":5,"minecraft:diorite":8,"minecraft:cobblestone_stairs":67,"minecraft:stone_pickaxe":1270,"minecraft:chest":1,"minecraft:wooden_pickaxe":135,"minecraft:spruce_fence_gate":3,"minecraft:torch":74,"minecraft:dirt":204,"minecraft:white_bed":8,"minecraft:crafting_table":10,"minecraft:granite":6,"minecraft:spruce_fence":24,"minecraft:milk_bucket":2,"minecraft:wooden_hoe":13,"minecraft:iron_axe":59,"minecraft:iron_pickaxe":6,"minecraft:gravel":6,"minecraft:stone_axe":26,"minecraft:cobblestone":199,"minecraft:andesite":13,"minecraft:furnace":5,"minecraft:cooked_porkchop":2,"minecraft:bucket":6,"minecraft:cooked_beef":6,"minecraft:diorite_stairs":7},"minecraft:dropped":{"minecraft:cooked_mutton":1,"minecraft:dirt":8,"minecraft:birch_button":2},"minecraft:killed":{"minecraft:pig":1,"minecraft:spider":1,"minecraft:creeper":2,"minecraft:sheep":13,"minecraft:skeleton":2,"minecraft:zombie":3,"minecraft:silverfish":2,"minecraft:cow":9},"minecraft:crafted":{"minecraft:cooked_beef":7,"minecraft:oak_planks":40,"minecraft:cooked_porkchop":2,"minecraft:crafting_table":6,"minecraft:spruce_planks":72,"minecraft:iron_helmet":1,"minecraft:wooden_pickaxe":4,"minecraft:furnace":4,"minecraft:diorite_stairs":4,"minecraft:cobblestone_stairs":64,"minecraft:bucket":1,"minecraft:birch_planks":8,"minecraft:spruce_fence":21,"minecraft:stone_axe":1,"minecraft:cooked_mutton":12,"minecraft:air":0,"minecraft:iron_boots":1,"minecraft:iron_chestplate":1,"minecraft:wooden_hoe":1,"minecraft:charcoal":6,"minecraft:iron_axe":1,"minecraft:stick":88,"minecraft:iron_ingot":131,"minecraft:iron_pickaxe":1,"minecraft:stone_pickaxe":15,"minecraft:stone_sword":1,"minecraft:chest":1,"minecraft:iron_leggings":1,"minecraft:white_bed":2,"minecraft:torch":80,"minecraft:spruce_fence_gate":1,"minecraft:birch_button":1,"minecraft:dark_oak_planks":16,"minecraft:stone_hoe":1}},"DataVersion":2580}