{"stats":{"minecraft:crafted":{"minecraft:cooked_beef":11,"minecraft:oak_planks":20,"minecraft:cooked_porkchop":9,"minecraft:crafting_table":1,"minecraft:wooden_pickaxe":1,"minecraft:iron_helmet":1,"minecraft:furnace":2,"minecraft:cooked_salmon":17,"minecraft:bucket":1,"minecraft:birch_planks":96,"minecraft:stone_axe":2,"minecraft:air":0,"minecraft:iron_boots":1,"minecraft:iron_chestplate":1,"minecraft:diamond_pickaxe":1,"minecraft:iron_axe":1,"minecraft:stick":84,"minecraft:iron_ingot":59,"minecraft:iron_pickaxe":1,"minecraft:stone_pickaxe":2,"minecraft:wooden_axe":1,"minecraft:iron_leggings":1,"minecraft:gold_ingot":8,"minecraft:torch":88},"minecraft:killed":{"minecraft:pig":4,"minecraft:salmon":17,"minecraft:spider":4,"minecraft:creeper":5,"minecraft:skeleton":3,"minecraft:zombie":16,"minecraft:cow":5},"minecraft:mined":{"minecraft:diamond_ore":3,"minecraft:crafting_table":7,"minecraft:torch":9,"minecraft:granite":1,"minecraft:cobblestone":14,"minecraft:wall_torch":3,"minecraft:tall_seagrass":3,"minecraft:redstone_ore":13,"minecraft:furnace":7,"minecraft:birch_log":24,"minecraft:iron_ore":61,"minecraft:andesite":1,"minecraft:birch_leaves":3,"minecraft:grass":3,"minecraft:oak_log":5,"minecraft:coal_ore":88,"minecraft:gravel":5,"minecraft:stone":120,"minecraft:gold_ore":8,"minecraft:oak_leaves":3},"minecraft:broken":{"minecraft:stone_pickaxe":1,"minecraft:stone_axe":1},"minecraft:picked_up":{"minecraft:birch_log":24,"minecraft:crafting_table":8,"minecraft:andesite":2,"minecraft:salmon":17,"minecraft:leather":5,"minecraft:birch_planks":58,"minecraft:oak_log":5,"minecraft:gunpowder":6,"minecraft:string":5,"minecraft:cooked_salmon":12,"minecraft:bone":4,"minecraft:beef":12,"minecraft:stone_pickaxe":1,"minecraft:iron_ore":82,"minecraft:furnace":9,"minecraft:stick":68,"minecraft:torch":38,"minecraft:gravel":5,"minecraft:porkchop":9,"minecraft:ink_sac":3,"minecraft:redstone":61,"minecraft:gold_ore":8,"minecraft:spider_eye":1,"minecraft:arrow":6,"minecraft:rotten_flesh":17,"minecraft:diamond":3,"minecraft:stone_axe":1,"minecraft:granite":1,"minecraft:coal":203,"minecraft:cobblestone":165},"minecraft:killed_by":{"minecraft:skeleton":1},"minecraft:dropped":{"minecraft:stone_axe":1,"minecraft:gunpowder":4,"minecraft:ink_sac":3,"minecraft:cooked_salmon":1,"minecraft:spider_eye":1,"minecraft:string":5,"minecraft:bone":3},"minecraft:used":{"minecraft:water_bucket":4,"minecraft:iron_ore":2,"minecraft:stone_pickaxe":250,"minecraft:wooden_pickaxe":33,"minecraft:cooked_salmon":17,"minecraft:rotten_flesh":4,"minecraft:torch":83,"minecraft:crafting_table":7,"minecraft:granite":1,"minecraft:wooden_axe":18,"minecraft:diamond_pickaxe":1,"minecraft:iron_axe":19,"minecraft:iron_pickaxe":36,"minecraft:stone_axe":128,"minecraft:cobblestone":93,"minecraft:furnace":7,"minecraft:bucket":6,"minecraft:andesite":2,"minecraft:cooked_beef":7},"minecraft:custom":{"minecraft:interact_with_furnace":64,"minecraft:mob_kills":54,"minecraft:interact_with_crafting_table":13,"minecraft:play_one_minute":58315,"minecraft:leave_game":3,"minecraft:time_since_death":38363,"minecraft:time_since_rest":38392,"minecraft:sprint_one_cm":125381,"minecraft:damage_taken":2054,"minecraft:walk_one_cm":134724,"minecraft:drop":9,"minecraft:damage_dealt":7523,"minecraft:swim_one_cm":24332,"minecraft:fly_one_cm":93150,"minecraft:crouch_one_cm":3591,"minecraft:deaths":1,"minecraft:sneak_time":2855,"minecraft:walk_under_water_one_cm":9720,"minecraft:jump":962,"minecraft:walk_on_water_one_cm":10166,"minecraft:fall_one_cm":25222}},"DataVersion":2586}