{"stats":{"minecraft:broken":{"minecraft:stone_pickaxe":2},"minecraft:mined":{"minecraft:spruce_planks":26,"minecraft:oak_door":2,"minecraft:crafting_table":3,"minecraft:torch":5,"minecraft:spruce_trapdoor":1,"minecraft:granite":5,"minecraft:cobblestone":1,"minecraft:spruce_leaves":4,"minecraft:oak_planks":14,"minecraft:diorite":4,"minecraft:wall_torch":35,"minecraft:redstone_ore":3,"minecraft:furnace":7,"minecraft:iron_ore":6,"minecraft:spruce_log":15,"minecraft:andesite":1,"minecraft:grass":1,"minecraft:oak_log":5,"minecraft:coal_ore":41,"minecraft:vine":1,"minecraft:gravel":5,"minecraft:dirt":4,"minecraft:stone":218,"minecraft:gold_ore":8,"minecraft:oak_leaves":7,"minecraft:infested_stone":1},"minecraft:killed_by":{"minecraft:skeleton":2},"minecraft:picked_up":{"minecraft:crafting_table":5,"minecraft:feather":9,"minecraft:cooked_beef":14,"minecraft:chicken":4,"minecraft:andesite":1,"minecraft:leather":14,"minecraft:flint":1,"minecraft:oak_log":5,"minecraft:dirt":4,"minecraft:bone":2,"minecraft:spruce_planks":119,"minecraft:beef":15,"minecraft:stone_pickaxe":1,"minecraft:cooked_chicken":4,"minecraft:iron_ore":6,"minecraft:oak_planks":41,"minecraft:spruce_trapdoor":1,"minecraft:egg":1,"minecraft:furnace":9,"minecraft:stick":5,"minecraft:cooked_porkchop":4,"minecraft:oak_door":4,"minecraft:torch":47,"minecraft:gravel":10,"minecraft:porkchop":10,"minecraft:diorite":4,"minecraft:spruce_log":14,"minecraft:redstone":13,"minecraft:gold_ore":8,"minecraft:stone_sword":1,"minecraft:arrow":2,"minecraft:rotten_flesh":2,"minecraft:stone_axe":1,"minecraft:granite":5,"minecraft:coal":75,"minecraft:cobblestone":395},"minecraft:custom":{"minecraft:interact_with_furnace":29,"minecraft:mob_kills":18,"minecraft:interact_with_crafting_table":12,"minecraft:play_one_minute":75448,"minecraft:leave_game":6,"minecraft:time_since_death":40232,"minecraft:climb_one_cm":214,"minecraft:time_since_rest":40259,"minecraft:sprint_one_cm":89449,"minecraft:damage_taken":1505,"minecraft:walk_one_cm":210205,"minecraft:drop":5,"minecraft:damage_dealt":1919,"minecraft:swim_one_cm":3451,"minecraft:fly_one_cm":120432,"minecraft:open_chest":2,"minecraft:crouch_one_cm":18255,"minecraft:deaths":2,"minecraft:sneak_time":10477,"minecraft:walk_under_water_one_cm":1265,"minecraft:jump":1845,"minecraft:walk_on_water_one_cm":1958,"minecraft:fall_one_cm":60384},"minecraft:used":{"minecraft:diorite":4,"minecraft:stone_sword":59,"minecraft:stone_pickaxe":186,"minecraft:oak_planks":14,"minecraft:spruce_planks":55,"minecraft:cooked_chicken":1,"minecraft:oak_door":3,"minecraft:torch":47,"minecraft:crafting_table":4,"minecraft:iron_pickaxe":124,"minecraft:spruce_trapdoor":1,"minecraft:gravel":7,"minecraft:stone_axe":73,"minecraft:cobblestone":11,"minecraft:furnace":8,"minecraft:cooked_porkchop":7,"minecraft:andesite":1,"minecraft:egg":1,"minecraft:cooked_beef":6},"minecraft:dropped":{"minecraft:cobblestone":4,"minecraft:rotten_flesh":2},"minecraft:killed":{"minecraft:pig":6,"minecraft:zombie":1,"minecraft:chicken":4,"minecraft:cow":7},"minecraft:crafted":{"minecraft:cooked_beef":15,"minecraft:oak_door":3,"minecraft:oak_planks":20,"minecraft:cooked_porkchop":10,"minecraft:crafting_table":1,"minecraft:spruce_planks":56,"minecraft:cooked_chicken":4,"minecraft:furnace":2,"minecraft:stone_axe":1,"minecraft:air":0,"minecraft:stick":8,"minecraft:iron_ingot":3,"minecraft:iron_pickaxe":1,"minecraft:stone_pickaxe":1,"minecraft:stone_sword":1,"minecraft:torch":8}},"DataVersion":2580}