{"stats":{"minecraft:crafted":{"minecraft:oak_planks":16,"minecraft:bucket":1,"minecraft:oak_trapdoor":6},"minecraft:used":{"minecraft:oak_log":4,"minecraft:oak_trapdoor":7,"minecraft:water_bucket":13,"minecraft:iron_axe":27,"minecraft:iron_pickaxe":92,"minecraft:baked_potato":54,"minecraft:oak_planks":11,"minecraft:ender_pearl":4,"minecraft:iron_sword":80,"minecraft:oak_leaves":115,"minecraft:dirt":1,"minecraft:bow":51,"minecraft:bucket":14,"minecraft:crossbow":23,"minecraft:white_bed":4,"minecraft:end_stone":128},"minecraft:mined":{"minecraft:oak_trapdoor":2,"minecraft:white_bed":2,"minecraft:iron_ore":3,"minecraft:end_stone":78,"minecraft:torch":1,"minecraft:oak_log":18,"minecraft:dirt":1,"minecraft:oak_planks":11,"minecraft:oak_leaves":46,"minecraft:wall_torch":1},"minecraft:dropped":{"minecraft:oak_log":2},"minecraft:killed":{"minecraft:pillager":7},"minecraft:picked_up":{"minecraft:stick":4,"minecraft:end_stone":71,"minecraft:torch":1,"minecraft:oak_log":20,"minecraft:white_bed":4,"minecraft:carrot":5,"minecraft:oak_trapdoor":2,"minecraft:dirt":1,"minecraft:arrow":123,"minecraft:iron_ingot":3,"minecraft:iron_ore":4,"minecraft:oak_sapling":2,"minecraft:oak_planks":12,"minecraft:ender_pearl":12},"minecraft:custom":{"minecraft:time_since_rest":50,"minecraft:interact_with_furnace":1,"minecraft:sprint_one_cm":292734,"minecraft:damage_taken":36080,"minecraft:walk_one_cm":193435,"minecraft:mob_kills":7,"minecraft:drop":2,"minecraft:damage_dealt":3110,"minecraft:swim_one_cm":63187,"minecraft:interact_with_crafting_table":3,"minecraft:fly_one_cm":573680,"minecraft:player_kills":19,"minecraft:open_chest":101,"minecraft:crouch_one_cm":11152,"minecraft:play_one_minute":89905,"minecraft:deaths":126,"minecraft:sneak_time":6056,"minecraft:walk_under_water_one_cm":60455,"minecraft:jump":2036,"minecraft:leave_game":5,"minecraft:walk_on_water_one_cm":26873,"minecraft:time_since_death":49,"minecraft:sleep_in_bed":5,"minecraft:climb_one_cm":52735,"minecraft:fall_one_cm":122755},"minecraft:broken":{"minecraft:chainmail_chestplate":1,"minecraft:bow":1,"minecraft:chainmail_leggings":2,"minecraft:chainmail_boots":1},"minecraft:killed_by":{"minecraft:player":56,"minecraft:skeleton":3,"minecraft:pillager":29}},"DataVersion":2586}