{"stats":{"minecraft:crafted":{"minecraft:oak_planks":2728,"minecraft:cobblestone_slab":384,"minecraft:stone_shovel":1,"minecraft:oak_sign":3,"minecraft:fishing_rod":3,"minecraft:lever":2,"minecraft:white_carpet":3,"minecraft:oak_trapdoor":106,"minecraft:bow":5,"minecraft:iron_boots":1,"minecraft:iron_axe":6,"minecraft:ladder":162,"minecraft:iron_hoe":3,"minecraft:stone_pickaxe":1,"minecraft:stone_hoe":1,"minecraft:oak_slab":1818,"minecraft:wooden_shovel":1,"minecraft:wooden_pickaxe":1,"minecraft:iron_helmet":2,"minecraft:iron_sword":4,"minecraft:bucket":1,"minecraft:stone_axe":1,"minecraft:bread":16,"minecraft:air":0,"minecraft:white_wool":2,"minecraft:iron_chestplate":2,"minecraft:charcoal":16,"minecraft:golden_apple":15,"minecraft:shield":3,"minecraft:stick":456,"minecraft:iron_ingot":87,"minecraft:iron_pickaxe":4,"minecraft:wooden_axe":1,"minecraft:stone_sword":1,"minecraft:iron_shovel":2,"minecraft:iron_leggings":2,"minecraft:torch":64,"minecraft:shears":2},"minecraft:used":{"minecraft:oak_trapdoor":107,"minecraft:stone_sword":52,"minecraft:iron_bars":3,"minecraft:iron_shovel":1,"minecraft:ladder":132,"minecraft:oak_sign":8,"minecraft:shield":115,"minecraft:iron_sword":913,"minecraft:stone_hoe":6,"minecraft:rotten_flesh":16,"minecraft:netherrack":97,"minecraft:torch":79,"minecraft:dirt":6,"minecraft:white_carpet":3,"minecraft:carrot":20,"minecraft:iron_hoe":397,"minecraft:iron_axe":1444,"minecraft:bow":51,"minecraft:oak_sapling":134,"minecraft:wheat_seeds":55,"minecraft:water_bucket":225,"minecraft:iron_ore":1,"minecraft:stone_pickaxe":7,"minecraft:baked_potato":202,"minecraft:oak_planks":1581,"minecraft:ender_pearl":10,"minecraft:blackstone":1,"minecraft:wooden_pickaxe":3,"minecraft:cobblestone_slab":385,"minecraft:oak_leaves":379,"minecraft:salmon":1,"minecraft:golden_apple":7,"minecraft:oak_slab":1974,"minecraft:crafting_table":36,"minecraft:crossbow":9,"minecraft:cod":3,"minecraft:end_stone":198,"minecraft:shears":379,"minecraft:oak_log":22,"minecraft:apple":38,"minecraft:bread":12,"minecraft:iron_pickaxe":965,"minecraft:stone_axe":32,"minecraft:fishing_rod":174,"minecraft:cobblestone":20,"minecraft:bucket":226},"minecraft:mined":{"minecraft:oak_sapling":4,"minecraft:end_stone":407,"minecraft:oak_wall_sign":5,"minecraft:oak_trapdoor":4,"minecraft:carrots":8,"minecraft:iron_ore":102,"minecraft:fire":36,"minecraft:oak_sign":1,"minecraft:cobblestone_slab":12,"minecraft:iron_bars":19,"minecraft:stripped_oak_log":3,"minecraft:oak_slab":129,"minecraft:blackstone":8,"minecraft:basalt":37,"minecraft:crafting_table":38,"minecraft:torch":33,"minecraft:cobblestone":234,"minecraft:lily_pad":2,"minecraft:oak_planks":477,"minecraft:wheat":50,"minecraft:oak_log":740,"minecraft:dirt":2,"minecraft:oak_button":4,"minecraft:netherrack":152,"minecraft:oak_leaves":907},"minecraft:killed":{"minecraft:spider":21,"minecraft:skeleton":254,"minecraft:chicken":2,"minecraft:creeper":11,"minecraft:pillager":37,"minecraft:zombie":359,"minecraft:ghast":2,"minecraft:enderman":19},"minecraft:dropped":{"minecraft:stone_hoe":1,"minecraft:golden_boots":4,"minecraft:bread":6,"minecraft:iron_sword":1,"minecraft:oak_slab":6,"minecraft:wheat_seeds":91,"minecraft:golden_helmet":1,"minecraft:baked_potato":40,"minecraft:ender_pearl":26,"minecraft:crossbow":17,"minecraft:iron_helmet":1,"minecraft:apple":6,"minecraft:tropical_fish":1,"minecraft:chainmail_helmet":1,"minecraft:leather_helmet":4,"minecraft:cod":118,"minecraft:stick":128,"minecraft:pufferfish":14,"minecraft:dirt":1,"minecraft:ink_sac":30,"minecraft:wooden_axe":1,"minecraft:rabbit":66,"minecraft:iron_leggings":3,"minecraft:white_banner":5,"minecraft:string":6,"minecraft:lily_pad":2,"minecraft:fishing_rod":1,"minecraft:tripwire_hook":1,"minecraft:bone":237,"minecraft:stone_axe":2,"minecraft:blackstone":2,"minecraft:golden_chestplate":3,"minecraft:stone_sword":1,"minecraft:bowl":2,"minecraft:wheat":2,"minecraft:stone_shovel":1,"minecraft:chicken":1,"minecraft:rotten_flesh":591,"minecraft:oak_planks":7,"minecraft:iron_hoe":1,"minecraft:end_stone":150,"minecraft:oak_sign":2,"minecraft:salmon":53,"minecraft:carrot":26,"minecraft:chainmail_chestplate":3,"minecraft:rabbit_hide":60,"minecraft:potato":4,"minecraft:cobblestone_slab":27,"minecraft:oak_button":8,"minecraft:gunpowder":24,"minecraft:iron_chestplate":1,"minecraft:charcoal":6,"minecraft:chainmail_boots":11,"minecraft:leather_boots":4,"minecraft:golden_leggings":2,"minecraft:ladder":30,"minecraft:oak_sapling":71,"minecraft:wooden_shovel":1,"minecraft:leather_leggings":1,"minecraft:spider_eye":6,"minecraft:iron_ore":2,"minecraft:basalt":46,"minecraft:iron_bars":26,"minecraft:bow":7,"minecraft:arrow":323,"minecraft:stone_pickaxe":2,"minecraft:wooden_pickaxe":1,"minecraft:magma_block":2},"minecraft:custom":{"minecraft:interact_with_anvil":12,"minecraft:mob_kills":719,"minecraft:interact_with_crafting_table":88,"minecraft:damage_dealt_resisted":1688,"minecraft:leave_game":13,"minecraft:time_since_death":17197,"minecraft:climb_one_cm":108521,"minecraft:sprint_one_cm":1394549,"minecraft:walk_one_cm":1119066,"minecraft:damage_blocked_by_shield":7511,"minecraft:drop":333,"minecraft:sneak_time":82647,"minecraft:deaths":34,"minecraft:walk_under_water_one_cm":148839,"minecraft:jump":14352,"minecraft:walk_on_water_one_cm":79623,"minecraft:interact_with_furnace":121,"minecraft:play_one_minute":611433,"minecraft:interact_with_stonecutter":3,"minecraft:sleep_in_bed":4,"minecraft:time_since_rest":17200,"minecraft:damage_absorbed":236,"minecraft:damage_taken":18838,"minecraft:damage_dealt":44968,"minecraft:player_kills":8,"minecraft:swim_one_cm":132556,"minecraft:fly_one_cm":2074948,"minecraft:open_chest":60,"minecraft:crouch_one_cm":311151,"minecraft:fish_caught":129,"minecraft:fall_one_cm":157138},"minecraft:picked_up":{"minecraft:iron_chestplate":1,"minecraft:crafting_table":38,"minecraft:wheat":50,"minecraft:chicken":1,"minecraft:chainmail_boots":13,"minecraft:leather_leggings":1,"minecraft:enchanted_book":1,"minecraft:shield":1,"minecraft:string":20,"minecraft:oak_trapdoor":4,"minecraft:iron_leggings":2,"minecraft:iron_shovel":1,"minecraft:pufferfish":14,"minecraft:blackstone":10,"minecraft:oak_sign":7,"minecraft:cobblestone_slab":28,"minecraft:golden_helmet":1,"minecraft:stick":123,"minecraft:end_stone":347,"minecraft:torch":37,"minecraft:bowl":2,"minecraft:carrot":41,"minecraft:golden_chestplate":4,"minecraft:arrow":510,"minecraft:rotten_flesh":571,"minecraft:tropical_fish":1,"minecraft:gold_ingot":2,"minecraft:iron_bars":29,"minecraft:cod":121,"minecraft:cobblestone":222,"minecraft:stripped_oak_log":3,"minecraft:magma_block":2,"minecraft:leather_chestplate":1,"minecraft:basalt":46,"minecraft:tripwire_hook":1,"minecraft:salmon":54,"minecraft:golden_leggings":3,"minecraft:potato":4,"minecraft:chainmail_chestplate":4,"minecraft:oak_log":713,"minecraft:lily_pad":5,"minecraft:golden_boots":4,"minecraft:gunpowder":24,"minecraft:dirt":3,"minecraft:white_banner":5,"minecraft:leather_boots":4,"minecraft:bone":245,"minecraft:apple":59,"minecraft:bow":13,"minecraft:wheat_seeds":146,"minecraft:rabbit_hide":60,"minecraft:iron_ingot":8,"minecraft:iron_ore":98,"minecraft:rabbit":66,"minecraft:oak_planks":469,"minecraft:oak_slab":162,"minecraft:ink_sac":30,"minecraft:spider_eye":6,"minecraft:leather_helmet":5,"minecraft:stone_axe":1,"minecraft:chainmail_leggings":1,"minecraft:crossbow":20,"minecraft:chainmail_helmet":2,"minecraft:bread":2,"minecraft:oak_button":8,"minecraft:baked_potato":3,"minecraft:oak_sapling":262,"minecraft:netherrack":147,"minecraft:oak_leaves":379,"minecraft:ender_pearl":92},"minecraft:broken":{"minecraft:leather_helmet":1,"minecraft:shears":1,"minecraft:iron_boots":1,"minecraft:iron_leggings":1,"minecraft:chainmail_helmet":1,"minecraft:leather_chestplate":1,"minecraft:golden_leggings":1,"minecraft:shield":1,"minecraft:iron_axe":5,"minecraft:iron_sword":2,"minecraft:iron_pickaxe":3,"minecraft:iron_helmet":1,"minecraft:fishing_rod":2,"minecraft:golden_chestplate":1},"minecraft:killed_by":{"minecraft:player":6,"minecraft:pillager":1,"minecraft:enderman":1,"minecraft:skeleton":10}},"DataVersion":2586}