{"stats":{"minecraft:picked_up":{"minecraft:crafting_table":6,"minecraft:iron_chestplate":2,"minecraft:wheat":42,"minecraft:chicken":3,"minecraft:chainmail_boots":23,"minecraft:ladder":4,"minecraft:anvil":7,"minecraft:leather_leggings":11,"minecraft:enchanted_book":14,"minecraft:string":89,"minecraft:oak_trapdoor":5,"minecraft:iron_leggings":1,"minecraft:iron_shovel":5,"minecraft:pufferfish":6,"minecraft:blackstone":18,"minecraft:oak_sign":15,"minecraft:gold_nugget":28,"minecraft:bucket":1,"minecraft:beef":43,"minecraft:oak_boat":5,"minecraft:cobblestone_slab":36,"minecraft:iron_boots":1,"minecraft:furnace":1,"minecraft:golden_helmet":8,"minecraft:stick":116,"minecraft:end_stone":203,"minecraft:torch":22,"minecraft:porkchop":18,"minecraft:stone_button":1,"minecraft:carrot":445,"minecraft:golden_chestplate":5,"minecraft:arrow":7233,"minecraft:rotten_flesh":927,"minecraft:gold_ingot":54,"minecraft:cod":32,"minecraft:cobblestone":204,"minecraft:magma_block":32,"minecraft:leather_chestplate":4,"minecraft:salmon":17,"minecraft:feather":2,"minecraft:basalt":104,"minecraft:tripwire_hook":2,"minecraft:magma_cream":1,"minecraft:golden_carrot":6,"minecraft:leather":25,"minecraft:golden_leggings":7,"minecraft:red_mushroom":6,"minecraft:potato":36,"minecraft:chainmail_chestplate":1,"minecraft:oak_log":332,"minecraft:lily_pad":2,"minecraft:golden_boots":9,"minecraft:gunpowder":2,"minecraft:dirt":72,"minecraft:leather_boots":41,"minecraft:chipped_anvil":15,"minecraft:bone":831,"minecraft:apple":40,"minecraft:bow":15,"minecraft:wheat_seeds":252,"minecraft:rabbit_hide":190,"minecraft:iron_ingot":7,"minecraft:iron_ore":126,"minecraft:rabbit":394,"minecraft:oak_planks":389,"minecraft:iron_sword":4,"minecraft:stone_hoe":1,"minecraft:ghast_tear":1,"minecraft:oak_slab":39,"minecraft:quartz":1,"minecraft:white_bed":6,"minecraft:spider_eye":39,"minecraft:shulker_box":32,"minecraft:leather_helmet":3,"minecraft:lever":6,"minecraft:chainmail_leggings":1,"minecraft:iron_helmet":1,"minecraft:end_stone_brick_stairs":5,"minecraft:crossbow":49,"minecraft:chainmail_helmet":3,"minecraft:baked_potato":12,"minecraft:oak_sapling":115,"minecraft:damaged_anvil":1,"minecraft:netherrack":34,"minecraft:end_stone_brick_slab":19,"minecraft:oak_leaves":326,"minecraft:end_stone_bricks":1,"minecraft:ender_pearl":1646},"minecraft:dropped":{"minecraft:stone_hoe":2,"minecraft:golden_boots":2,"minecraft:iron_ingot":6,"minecraft:iron_sword":4,"minecraft:oak_slab":13,"minecraft:wheat_seeds":140,"minecraft:golden_helmet":5,"minecraft:baked_potato":15,"minecraft:ender_pearl":1425,"minecraft:crafting_table":1,"minecraft:crossbow":41,"minecraft:feather":1,"minecraft:cobblestone":10,"minecraft:chainmail_helmet":1,"minecraft:leather_helmet":2,"minecraft:cobblestone_stairs":3,"minecraft:stick":102,"minecraft:pufferfish":6,"minecraft:dirt":23,"minecraft:stone_button":1,"minecraft:rabbit":297,"minecraft:gold_nugget":5,"minecraft:bone_meal":6,"minecraft:iron_axe":1,"minecraft:iron_shovel":4,"minecraft:tripwire_hook":1,"minecraft:bucket":1,"minecraft:bone":459,"minecraft:gold_ingot":46,"minecraft:blackstone":10,"minecraft:golden_chestplate":2,"minecraft:wheat":4,"minecraft:chicken":2,"minecraft:rotten_flesh":730,"minecraft:oak_planks":126,"minecraft:end_stone":5,"minecraft:oak_sign":2,"minecraft:salmon":17,"minecraft:carrot":3,"minecraft:rabbit_hide":122,"minecraft:cobblestone_slab":7,"minecraft:potato":1,"minecraft:gunpowder":1,"minecraft:iron_chestplate":1,"minecraft:leather_boots":26,"minecraft:golden_leggings":2,"minecraft:ladder":1,"minecraft:oak_sapling":2,"minecraft:chainmail_boots":7,"minecraft:leather_leggings":6,"minecraft:spider_eye":21,"minecraft:basalt":17,"minecraft:arrow":6035,"minecraft:end_stone_bricks":1,"minecraft:bow":2,"minecraft:magma_block":6,"minecraft:oak_leaves":134,"minecraft:netherrack":18,"minecraft:enchanted_book":3},"minecraft:custom":{"minecraft:mob_kills":4129,"minecraft:interact_with_crafting_table":127,"minecraft:open_shulker_box":58,"minecraft:damage_dealt_resisted":10923,"minecraft:leave_game":59,"minecraft:time_since_death":52894,"minecraft:climb_one_cm":129294,"minecraft:sprint_one_cm":1980507,"minecraft:walk_one_cm":2277662,"minecraft:damage_blocked_by_shield":26406,"minecraft:drop":502,"minecraft:talked_to_villager":1,"minecraft:sneak_time":164152,"minecraft:deaths":547,"minecraft:walk_under_water_one_cm":203519,"minecraft:boat_one_cm":1050,"minecraft:jump":13886,"minecraft:walk_on_water_one_cm":183878,"minecraft:interact_with_furnace":110,"minecraft:play_one_minute":1087226,"minecraft:interact_with_stonecutter":3,"minecraft:sleep_in_bed":6,"minecraft:time_since_rest":52895,"minecraft:damage_taken":185185,"minecraft:damage_dealt":268807,"minecraft:player_kills":85,"minecraft:swim_one_cm":96623,"minecraft:fly_one_cm":2552362,"minecraft:open_chest":433,"minecraft:crouch_one_cm":475046,"minecraft:fish_caught":47,"minecraft:interact_with_smoker":12,"minecraft:fall_one_cm":975271,"minecraft:interact_with_anvil":63},"minecraft:killed":{"minecraft:endermite":1,"minecraft:spider":86,"minecraft:skeleton":242,"minecraft:chicken":3,"minecraft:magma_cube":16,"minecraft:wandering_trader":1,"minecraft:pillager":1587,"minecraft:zombie":686,"minecraft:ghast":3,"minecraft:enderman":456},"minecraft:killed_by":{"minecraft:ghast":2,"minecraft:player":85,"minecraft:spider":4,"minecraft:pillager":94,"minecraft:enderman":7,"minecraft:magma_cube":10,"minecraft:skeleton":68},"minecraft:used":{"minecraft:iron_shovel":23,"minecraft:oak_sign":16,"minecraft:ladder":56,"minecraft:chest":4,"minecraft:shield":677,"minecraft:iron_sword":4868,"minecraft:stone_hoe":34,"minecraft:rotten_flesh":3,"minecraft:netherrack":3,"minecraft:torch":29,"minecraft:dirt":49,"minecraft:anvil":7,"minecraft:carrot":192,"minecraft:shulker_box":31,"minecraft:iron_hoe":318,"minecraft:lava_bucket":4,"minecraft:chipped_anvil":14,"minecraft:iron_axe":971,"minecraft:golden_carrot":211,"minecraft:basalt":66,"minecraft:magma_block":13,"minecraft:bow":400,"minecraft:oak_sapling":48,"minecraft:furnace":1,"minecraft:end_stone_brick_stairs":9,"minecraft:potato":5,"minecraft:cooked_beef":2,"minecraft:water_bucket":254,"minecraft:end_stone_bricks":9,"minecraft:wheat_seeds":54,"minecraft:cobblestone_stairs":1,"minecraft:stone_pickaxe":50,"minecraft:baked_potato":314,"minecraft:oak_planks":1073,"minecraft:ender_pearl":91,"minecraft:blackstone":7,"minecraft:wooden_pickaxe":11,"minecraft:end_stone_brick_slab":37,"minecraft:cobblestone_slab":254,"minecraft:oak_slab":46,"minecraft:crafting_table":15,"minecraft:red_mushroom":5,"minecraft:crossbow":55,"minecraft:white_bed":7,"minecraft:end_stone":176,"minecraft:shears":406,"minecraft:oak_log":17,"minecraft:lever":6,"minecraft:apple":32,"minecraft:iron_pickaxe":790,"minecraft:stone_axe":7,"minecraft:fishing_rod":74,"minecraft:cobblestone":6,"minecraft:bucket":260,"minecraft:oak_trapdoor":9,"minecraft:oak_boat":5,"minecraft:bone_meal":225},"minecraft:mined":{"minecraft:white_bed":8,"minecraft:oak_sapling":2,"minecraft:farmland":18,"minecraft:cobblestone_stairs":1,"minecraft:end_stone":169,"minecraft:shulker_box":31,"minecraft:lever":1,"minecraft:ladder":2,"minecraft:stone_button":1,"minecraft:grass_block":39,"minecraft:red_mushroom":5,"minecraft:oak_wall_sign":4,"minecraft:magma_block":39,"minecraft:oak_trapdoor":1,"minecraft:furnace":1,"minecraft:carrots":127,"minecraft:iron_ore":126,"minecraft:fire":22,"minecraft:anvil":7,"minecraft:potatoes":8,"minecraft:oak_sign":7,"minecraft:cobblestone_slab":30,"minecraft:end_stone_bricks":1,"minecraft:stone":75,"minecraft:oak_slab":32,"minecraft:blackstone":19,"minecraft:basalt":104,"minecraft:crafting_table":5,"minecraft:torch":16,"minecraft:end_stone_brick_slab":14,"minecraft:nether_quartz_ore":1,"minecraft:tall_grass":8,"minecraft:cobblestone":150,"minecraft:damaged_anvil":1,"minecraft:oak_planks":404,"minecraft:wall_torch":1,"minecraft:end_stone_brick_stairs":5,"minecraft:wheat":40,"minecraft:grass":3,"minecraft:oak_log":337,"minecraft:dirt":16,"minecraft:netherrack":37,"minecraft:chipped_anvil":14,"minecraft:oak_leaves":847},"minecraft:crafted":{"minecraft:golden_carrot":270,"minecraft:oak_planks":1215,"minecraft:chainmail_helmet":1,"minecraft:cobblestone_slab":234,"minecraft:oak_sign":3,"minecraft:fishing_rod":1,"minecraft:leather_boots":1,"minecraft:cobblestone_stairs":4,"minecraft:lever":1,"minecraft:bone_meal":291,"minecraft:end_stone_bricks":24,"minecraft:oak_trapdoor":4,"minecraft:bow":7,"minecraft:iron_boots":4,"minecraft:leather":1,"minecraft:iron_axe":8,"minecraft:ladder":64,"minecraft:iron_hoe":3,"minecraft:stone_pickaxe":2,"minecraft:chest":4,"minecraft:stone_hoe":1,"minecraft:golden_helmet":1,"minecraft:cooked_beef":15,"minecraft:oak_slab":132,"minecraft:crossbow":1,"minecraft:crafting_table":10,"minecraft:wooden_pickaxe":2,"minecraft:iron_helmet":4,"minecraft:iron_sword":10,"minecraft:bucket":2,"minecraft:end_stone_brick_stairs":4,"minecraft:stone_axe":1,"minecraft:air":0,"minecraft:end_stone_brick_slab":18,"minecraft:white_wool":6,"minecraft:iron_chestplate":6,"minecraft:golden_apple":6,"minecraft:charcoal":31,"minecraft:golden_leggings":1,"minecraft:gold_nugget":2305,"minecraft:shield":15,"minecraft:white_dye":3,"minecraft:stick":244,"minecraft:iron_pickaxe":6,"minecraft:iron_ingot":167,"minecraft:iron_shovel":1,"minecraft:iron_leggings":5,"minecraft:white_bed":2,"minecraft:torch":16,"minecraft:shears":2},"minecraft:broken":{"minecraft:leather_helmet":1,"minecraft:golden_helmet":1,"minecraft:chainmail_leggings":1,"minecraft:leather_leggings":4,"minecraft:shears":1,"minecraft:iron_boots":1,"minecraft:iron_chestplate":2,"minecraft:iron_leggings":1,"minecraft:chainmail_helmet":2,"minecraft:leather_chestplate":3,"minecraft:chainmail_boots":5,"minecraft:golden_leggings":2,"minecraft:stone_pickaxe":1,"minecraft:shield":6,"minecraft:iron_axe":1,"minecraft:leather_boots":2,"minecraft:iron_sword":3,"minecraft:iron_pickaxe":1,"minecraft:iron_helmet":2,"minecraft:fishing_rod":1,"minecraft:golden_chestplate":2}},"DataVersion":2586}