{"stats":{"minecraft:killed_by":{"minecraft:player":117,"minecraft:skeleton":24,"minecraft:spider":3,"minecraft:pillager":4},"minecraft:mined":{"minecraft:oak_slab":7,"minecraft:blackstone":39,"minecraft:basalt":3,"minecraft:end_stone":36,"minecraft:grass_block":3,"minecraft:cobblestone":57,"minecraft:oak_planks":182,"minecraft:magma_block":43,"minecraft:iron_ore":17,"minecraft:wheat":2,"minecraft:fire":7,"minecraft:grass":1,"minecraft:oak_log":116,"minecraft:cobblestone_slab":7,"minecraft:netherrack":1,"minecraft:oak_leaves":42},"minecraft:killed":{"minecraft:spider":6,"minecraft:skeleton":10,"minecraft:pillager":100,"minecraft:zombie":9,"minecraft:ghast":1},"minecraft:broken":{"minecraft:stone_sword":1,"minecraft:wooden_sword":4,"minecraft:stone_axe":3,"minecraft:leather_leggings":1,"minecraft:iron_helmet":1,"minecraft:fishing_rod":1,"minecraft:chainmail_helmet":1,"minecraft:golden_chestplate":1,"minecraft:chainmail_boots":1},"minecraft:dropped":{"minecraft:golden_boots":1,"minecraft:oak_slab":16,"minecraft:wheat_seeds":6,"minecraft:golden_chestplate":3,"minecraft:ender_pearl":8,"minecraft:bowl":1,"minecraft:feather":4,"minecraft:iron_helmet":2,"minecraft:cobblestone":13,"minecraft:end_stone":53,"minecraft:tropical_fish":1,"minecraft:salmon":4,"minecraft:cod":6,"minecraft:stick":4,"minecraft:cobblestone_slab":2,"minecraft:chainmail_boots":7,"minecraft:basalt":2,"minecraft:spider_eye":12,"minecraft:arrow":14,"minecraft:magma_block":2,"minecraft:string":4,"minecraft:tripwire_hook":2,"minecraft:fishing_rod":1},"minecraft:custom":{"minecraft:interact_with_furnace":34,"minecraft:mob_kills":129,"minecraft:interact_with_crafting_table":42,"minecraft:play_one_minute":174442,"minecraft:damage_dealt_resisted":1235,"minecraft:leave_game":3,"minecraft:time_since_death":181,"minecraft:climb_one_cm":16827,"minecraft:time_since_rest":183,"minecraft:sprint_one_cm":580110,"minecraft:damage_taken":60989,"minecraft:walk_one_cm":299712,"minecraft:damage_blocked_by_shield":1480,"minecraft:drop":69,"minecraft:damage_dealt":14111,"minecraft:swim_one_cm":19998,"minecraft:fly_one_cm":353786,"minecraft:player_kills":51,"minecraft:open_chest":43,"minecraft:crouch_one_cm":36060,"minecraft:deaths":231,"minecraft:sneak_time":13577,"minecraft:walk_under_water_one_cm":39830,"minecraft:boat_one_cm":295,"minecraft:jump":2512,"minecraft:walk_on_water_one_cm":58577,"minecraft:fish_caught":13,"minecraft:fall_one_cm":264823},"minecraft:crafted":{"minecraft:wooden_sword":5,"minecraft:oak_slab":18,"minecraft:oak_planks":420,"minecraft:oak_sign":3,"minecraft:fishing_rod":2,"minecraft:crafting_table":3,"minecraft:wooden_pickaxe":1,"minecraft:iron_helmet":1,"minecraft:furnace":2,"minecraft:bucket":1,"minecraft:stone_axe":4,"minecraft:air":0,"minecraft:bow":1,"minecraft:charcoal":5,"minecraft:shield":1,"minecraft:stick":40,"minecraft:iron_pickaxe":1,"minecraft:iron_ingot":12,"minecraft:stone_pickaxe":1,"minecraft:stone_sword":1,"minecraft:oak_button":2,"minecraft:torch":20},"minecraft:picked_up":{"minecraft:fishing_rod":2,"minecraft:magma_block":43,"minecraft:feather":4,"minecraft:basalt":2,"minecraft:chainmail_boots":12,"minecraft:tripwire_hook":4,"minecraft:salmon":4,"minecraft:leather_leggings":1,"minecraft:oak_log":107,"minecraft:golden_boots":1,"minecraft:dirt":3,"minecraft:string":11,"minecraft:blackstone":36,"minecraft:pufferfish":2,"minecraft:bone":12,"minecraft:oak_sign":1,"minecraft:apple":7,"minecraft:wheat_seeds":8,"minecraft:rabbit_hide":41,"minecraft:iron_ingot":1,"minecraft:oak_boat":4,"minecraft:iron_ore":17,"minecraft:cobblestone_slab":8,"minecraft:rabbit":71,"minecraft:oak_planks":176,"minecraft:oak_slab":17,"minecraft:stick":3,"minecraft:end_stone":72,"minecraft:bowl":1,"minecraft:golden_chestplate":4,"minecraft:spider_eye":15,"minecraft:rotten_flesh":57,"minecraft:arrow":181,"minecraft:tropical_fish":1,"minecraft:iron_helmet":2,"minecraft:chainmail_helmet":1,"minecraft:crossbow":3,"minecraft:gold_ingot":2,"minecraft:bread":1,"minecraft:baked_potato":24,"minecraft:oak_sapling":16,"minecraft:cod":12,"minecraft:cobblestone":49,"minecraft:ender_pearl":41},"minecraft:used":{"minecraft:water_bucket":22,"minecraft:stone_sword":130,"minecraft:stone_pickaxe":44,"minecraft:ender_pearl":21,"minecraft:baked_potato":18,"minecraft:oak_planks":475,"minecraft:oak_sign":4,"minecraft:wooden_pickaxe":5,"minecraft:shield":26,"minecraft:cobblestone_slab":6,"minecraft:rotten_flesh":13,"minecraft:torch":3,"minecraft:dirt":3,"minecraft:oak_slab":15,"minecraft:crafting_table":3,"minecraft:crossbow":8,"minecraft:end_stone":19,"minecraft:oak_log":1,"minecraft:apple":7,"minecraft:oak_button":2,"minecraft:bread":1,"minecraft:iron_pickaxe":169,"minecraft:pufferfish":1,"minecraft:stone_axe":386,"minecraft:fishing_rod":75,"minecraft:wooden_sword":263,"minecraft:cobblestone":11,"minecraft:bow":7,"minecraft:oak_sapling":11,"minecraft:furnace":2,"minecraft:bucket":22,"minecraft:oak_boat":2}},"DataVersion":2586}