{"stats":{"minecraft:killed_by":{"minecraft:player":31,"minecraft:skeleton":11,"minecraft:spider":5},"minecraft:mined":{"minecraft:oak_slab":4,"minecraft:white_bed":1,"minecraft:basalt":12,"minecraft:crafting_table":1,"minecraft:torch":1,"minecraft:cobblestone":37,"minecraft:oak_planks":164,"minecraft:wall_torch":1,"minecraft:magma_block":2,"minecraft:oak_trapdoor":6,"minecraft:furnace":2,"minecraft:polished_basalt":1,"minecraft:fire":2,"minecraft:iron_ore":11,"minecraft:oak_log":66,"minecraft:cobblestone_slab":98,"minecraft:dirt":1,"minecraft:oak_button":1,"minecraft:oak_leaves":15},"minecraft:killed":{"minecraft:spider":9,"minecraft:skeleton":3,"minecraft:zombie":13},"minecraft:broken":{"minecraft:stone_axe":1},"minecraft:dropped":{"minecraft:iron_ingot":1,"minecraft:oak_slab":4,"minecraft:oak_planks":4,"minecraft:stick":2,"minecraft:spider_eye":1,"minecraft:bow":1,"minecraft:fishing_rod":1},"minecraft:custom":{"minecraft:interact_with_furnace":20,"minecraft:mob_kills":26,"minecraft:interact_with_crafting_table":35,"minecraft:play_one_minute":113217,"minecraft:damage_dealt_resisted":393,"minecraft:leave_game":4,"minecraft:time_since_death":801,"minecraft:climb_one_cm":8910,"minecraft:time_since_rest":802,"minecraft:sprint_one_cm":285791,"minecraft:damage_taken":21462,"minecraft:walk_one_cm":308513,"minecraft:damage_blocked_by_shield":2060,"minecraft:drop":14,"minecraft:damage_dealt":6540,"minecraft:swim_one_cm":4161,"minecraft:fly_one_cm":223137,"minecraft:player_kills":27,"minecraft:open_chest":41,"minecraft:crouch_one_cm":27829,"minecraft:deaths":84,"minecraft:sneak_time":10598,"minecraft:walk_under_water_one_cm":20317,"minecraft:boat_one_cm":211,"minecraft:jump":2085,"minecraft:walk_on_water_one_cm":53605,"minecraft:fall_one_cm":105554},"minecraft:crafted":{"minecraft:oak_planks":504,"minecraft:oak_slab":252,"minecraft:cobblestone_slab":72,"minecraft:fishing_rod":1,"minecraft:crafting_table":3,"minecraft:wooden_pickaxe":1,"minecraft:iron_sword":1,"minecraft:furnace":1,"minecraft:stone_axe":1,"minecraft:air":0,"minecraft:oak_trapdoor":4,"minecraft:bow":1,"minecraft:charcoal":8,"minecraft:shield":1,"minecraft:iron_axe":1,"minecraft:stick":84,"minecraft:iron_pickaxe":1,"minecraft:iron_ingot":11,"minecraft:stone_sword":1,"minecraft:polished_basalt":12,"minecraft:chest":4,"minecraft:oak_button":6,"minecraft:torch":24,"minecraft:oak_fence":75},"minecraft:picked_up":{"minecraft:magma_block":2,"minecraft:fishing_rod":1,"minecraft:leather_chestplate":1,"minecraft:crafting_table":1,"minecraft:basalt":33,"minecraft:chainmail_boots":2,"minecraft:potato":2,"minecraft:chainmail_chestplate":2,"minecraft:oak_log":130,"minecraft:golden_boots":1,"minecraft:oak_trapdoor":6,"minecraft:dirt":1,"minecraft:string":8,"minecraft:bone":8,"minecraft:apple":3,"minecraft:bow":1,"minecraft:bucket":1,"minecraft:stone_pickaxe":1,"minecraft:iron_ore":12,"minecraft:cobblestone_slab":82,"minecraft:oak_planks":157,"minecraft:furnace":2,"minecraft:oak_slab":5,"minecraft:stick":2,"minecraft:torch":4,"minecraft:white_bed":2,"minecraft:spider_eye":7,"minecraft:arrow":24,"minecraft:rotten_flesh":38,"minecraft:oak_button":21,"minecraft:oak_sapling":3,"minecraft:cobblestone":35},"minecraft:used":{"minecraft:oak_trapdoor":6,"minecraft:oak_fence":75,"minecraft:water_bucket":35,"minecraft:stone_sword":45,"minecraft:stone_pickaxe":42,"minecraft:polished_basalt":11,"minecraft:baked_potato":19,"minecraft:oak_planks":310,"minecraft:ender_pearl":16,"minecraft:chest":4,"minecraft:wooden_pickaxe":15,"minecraft:shield":35,"minecraft:iron_sword":83,"minecraft:cobblestone_slab":153,"minecraft:torch":15,"minecraft:oak_slab":248,"minecraft:crafting_table":4,"minecraft:white_bed":2,"minecraft:spider_eye":2,"minecraft:apple":2,"minecraft:iron_axe":188,"minecraft:oak_button":3,"minecraft:iron_pickaxe":122,"minecraft:stone_axe":104,"minecraft:basalt":13,"minecraft:fishing_rod":10,"minecraft:cobblestone":4,"minecraft:bow":34,"minecraft:furnace":3,"minecraft:bucket":36}},"DataVersion":2586}