{"stats":{"minecraft:picked_up":{"minecraft:iron_chestplate":6,"minecraft:wheat":137,"minecraft:chainmail_boots":70,"minecraft:anvil":11,"minecraft:oak_stairs":7,"minecraft:enchanted_book":96,"minecraft:string":67,"minecraft:iron_leggings":5,"minecraft:pufferfish":1,"minecraft:experience_bottle":96,"minecraft:oak_sign":18,"minecraft:gold_nugget":248,"minecraft:cobblestone_slab":81,"minecraft:iron_pickaxe":6,"minecraft:furnace":5,"minecraft:iron_boots":3,"minecraft:golden_helmet":10,"minecraft:stick":95,"minecraft:oak_fence":6,"minecraft:torch":44,"minecraft:golden_chestplate":13,"minecraft:rotten_flesh":3088,"minecraft:iron_block":2,"minecraft:cobblestone":399,"minecraft:magma_block":206,"minecraft:leather_chestplate":17,"minecraft:feather":8,"minecraft:water_bucket":1,"minecraft:golden_leggings":9,"minecraft:potato":29,"minecraft:dirt":153,"minecraft:leather_boots":66,"minecraft:bone":953,"minecraft:chipped_anvil":4,"minecraft:bow":12,"minecraft:wheat_seeds":359,"minecraft:rabbit":432,"minecraft:oak_planks":1114,"minecraft:ghast_tear":1,"minecraft:shulker_box":44,"minecraft:sugar":3,"minecraft:lever":1,"minecraft:crossbow":61,"minecraft:bone_meal":5,"minecraft:golden_apple":12,"minecraft:chainmail_helmet":21,"minecraft:oak_sapling":201,"minecraft:netherrack":1231,"minecraft:nether_star":1,"minecraft:end_stone_bricks":4,"minecraft:charcoal":6,"minecraft:crafting_table":7,"minecraft:chicken":13,"minecraft:ladder":7,"minecraft:leather_leggings":20,"minecraft:shield":7,"minecraft:oak_trapdoor":5,"minecraft:iron_axe":2,"minecraft:iron_shovel":10,"minecraft:blackstone":210,"minecraft:oak_boat":157,"minecraft:chest":7,"minecraft:end_stone":1279,"minecraft:fire_charge":2,"minecraft:carrot":315,"minecraft:redstone":2,"minecraft:arrow":5032,"minecraft:gold_ingot":28,"minecraft:rail":16,"minecraft:stripped_oak_log":1,"minecraft:basalt":1501,"minecraft:salmon":1,"minecraft:red_mushroom":4,"minecraft:oak_log":642,"minecraft:chainmail_chestplate":23,"minecraft:golden_boots":19,"minecraft:cobblestone_wall":3,"minecraft:gunpowder":95,"minecraft:cobblestone_stairs":3,"minecraft:white_banner":17,"minecraft:spawner":1,"minecraft:apple":62,"minecraft:rabbit_hide":513,"minecraft:iron_ingot":50,"minecraft:iron_ore":317,"minecraft:iron_sword":19,"minecraft:oak_slab":132,"minecraft:white_bed":12,"minecraft:spider_eye":26,"minecraft:leather_helmet":12,"minecraft:stone_axe":1,"minecraft:chainmail_leggings":33,"minecraft:iron_helmet":5,"minecraft:oak_button":15,"minecraft:baked_potato":63,"minecraft:end_stone_brick_slab":52,"minecraft:ender_pearl":651},"minecraft:dropped":{"minecraft:iron_sword":21,"minecraft:repeating_command_block":1,"minecraft:oak_log":64,"minecraft:baked_potato":101,"minecraft:ender_pearl":431,"minecraft:nether_star":1,"minecraft:crafting_table":1,"minecraft:crossbow":30,"minecraft:leather":3,"minecraft:rail":30,"minecraft:leather_helmet":9,"minecraft:red_mushroom":4,"minecraft:dirt":68,"minecraft:gold_nugget":14,"minecraft:bone_meal":5,"minecraft:sugar":1,"minecraft:iron_pickaxe":13,"minecraft:fishing_rod":2,"minecraft:bone":716,"minecraft:gold_ingot":20,"minecraft:stone_axe":4,"minecraft:blackstone":83,"minecraft:lever":1,"minecraft:golden_chestplate":11,"minecraft:wheat":15,"minecraft:rotten_flesh":3339,"minecraft:oak_planks":107,"minecraft:end_stone":599,"minecraft:white_bed":1,"minecraft:salmon":1,"minecraft:carrot":9,"minecraft:chainmail_chestplate":11,"minecraft:rabbit_hide":223,"minecraft:leather_chestplate":11,"minecraft:gunpowder":2,"minecraft:chainmail_boots":57,"minecraft:leather_boots":45,"minecraft:chest":3,"minecraft:ladder":3,"minecraft:leather_leggings":14,"minecraft:iron_ore":37,"minecraft:basalt":577,"minecraft:arrow":4314,"minecraft:end_stone_bricks":5,"minecraft:netherrack":366,"minecraft:bread":3,"minecraft:water_bucket":1,"minecraft:enchanted_book":49,"minecraft:golden_boots":17,"minecraft:iron_ingot":24,"minecraft:oak_slab":48,"minecraft:wheat_seeds":82,"minecraft:golden_helmet":7,"minecraft:end_stone_brick_slab":25,"minecraft:iron_helmet":6,"minecraft:oak_fence":5,"minecraft:feather":6,"minecraft:cobblestone":2,"minecraft:apple":23,"minecraft:command_block":2,"minecraft:chainmail_helmet":9,"minecraft:golden_apple":5,"minecraft:stick":53,"minecraft:pufferfish":1,"minecraft:golden_carrot":6,"minecraft:rabbit":136,"minecraft:iron_leggings":7,"minecraft:white_banner":1,"minecraft:iron_axe":4,"minecraft:iron_shovel":6,"minecraft:chainmail_leggings":16,"minecraft:string":19,"minecraft:bucket":3,"minecraft:redstone":2,"minecraft:furnace":1,"minecraft:anvil":1,"minecraft:zombie_spawn_egg":111,"minecraft:oak_trapdoor":3,"minecraft:experience_bottle":32,"minecraft:chicken":9,"minecraft:iron_boots":4,"minecraft:ender_eye":5,"minecraft:skeleton_spawn_egg":103,"minecraft:oak_sign":12,"minecraft:shulker_box":1,"minecraft:potato":19,"minecraft:cobblestone_slab":15,"minecraft:shield":8,"minecraft:oak_button":8,"minecraft:iron_chestplate":9,"minecraft:golden_leggings":9,"minecraft:oak_boat":5,"minecraft:oak_sapling":28,"minecraft:spider_eye":24,"minecraft:bow":4,"minecraft:stone_pickaxe":1,"minecraft:magma_block":129},"minecraft:custom":{"minecraft:interact_with_crafting_table":287,"minecraft:open_shulker_box":84,"minecraft:leave_game":184,"minecraft:time_since_death":32482,"minecraft:damage_resisted":35345,"minecraft:sprint_one_cm":4013197,"minecraft:damage_blocked_by_shield":61285,"minecraft:drop":1246,"minecraft:talked_to_villager":2,"minecraft:deaths":1050,"minecraft:jump":35007,"minecraft:walk_on_water_one_cm":289504,"minecraft:interact_with_furnace":154,"minecraft:play_one_minute":2484773,"minecraft:sleep_in_bed":9,"minecraft:damage_dealt":447753,"minecraft:player_kills":193,"minecraft:crouch_one_cm":595878,"minecraft:interact_with_smoker":38,"minecraft:mob_kills":8973,"minecraft:interact_with_anvil":188,"minecraft:damage_dealt_resisted":58781,"minecraft:climb_one_cm":262363,"minecraft:walk_one_cm":4382243,"minecraft:sneak_time":288565,"minecraft:walk_under_water_one_cm":219267,"minecraft:boat_one_cm":38081,"minecraft:interact_with_stonecutter":4,"minecraft:time_since_rest":32483,"minecraft:damage_taken":321256,"minecraft:damage_absorbed":79,"minecraft:swim_one_cm":46115,"minecraft:fly_one_cm":7248161,"minecraft:open_chest":384,"minecraft:fish_caught":3,"minecraft:fall_one_cm":2830800},"minecraft:killed":{"minecraft:witch":4,"minecraft:spider":85,"minecraft:skeleton":523,"minecraft:chicken":20,"minecraft:magma_cube":18,"minecraft:creeper":63,"minecraft:pillager":2988,"minecraft:zombie":5173,"minecraft:ghast":23,"minecraft:endermite":3,"minecraft:wandering_trader":1,"minecraft:enderman":9},"minecraft:killed_by":{"minecraft:ghast":1,"minecraft:pillager":58,"minecraft:magma_cube":2,"minecraft:zombie":6,"minecraft:endermite":3,"minecraft:player":89,"minecraft:spider":3,"minecraft:skeleton":110},"minecraft:used":{"minecraft:ladder":80,"minecraft:oak_sign":33,"minecraft:chest":27,"minecraft:shield":1094,"minecraft:iron_sword":7168,"minecraft:zombie_spawn_egg":28,"minecraft:rotten_flesh":1,"minecraft:debug_stick":553,"minecraft:skeleton_spawn_egg":102,"minecraft:carrot":109,"minecraft:obsidian":1,"minecraft:lava_bucket":3,"minecraft:hopper_minecart":1,"minecraft:bedrock":37,"minecraft:magma_block":9,"minecraft:bow":1125,"minecraft:oak_sapling":133,"minecraft:furnace":5,"minecraft:end_stone_brick_stairs":1,"minecraft:potato":8,"minecraft:spider_spawn_egg":1,"minecraft:cow_spawn_egg":1,"minecraft:stone_pickaxe":450,"minecraft:oak_planks":6073,"minecraft:blackstone":199,"minecraft:ender_pearl":269,"minecraft:wooden_pickaxe":6,"minecraft:end_stone_brick_slab":105,"minecraft:golden_apple":3,"minecraft:crossbow":230,"minecraft:end_stone":1280,"minecraft:lever":1,"minecraft:bread":79,"minecraft:stone_button":1,"minecraft:cooked_rabbit":180,"minecraft:oak_boat":163,"minecraft:oak_fence":1,"minecraft:golden_pickaxe":128,"minecraft:oak_trapdoor":31,"minecraft:bone_meal":117,"minecraft:experience_bottle":576,"minecraft:stone_sword":131,"minecraft:flint_and_steel":1,"minecraft:stone_shovel":53,"minecraft:stone_hoe":441,"minecraft:netherrack":1148,"minecraft:torch":29,"minecraft:end_stone_brick_wall":1,"minecraft:dirt":104,"minecraft:anvil":16,"minecraft:cobblestone_wall":15,"minecraft:shulker_box":41,"minecraft:iron_hoe":1075,"minecraft:chipped_anvil":2,"minecraft:iron_axe":1078,"minecraft:oak_stairs":25,"minecraft:spawner":15,"minecraft:basalt":999,"minecraft:golden_carrot":197,"minecraft:wheat_seeds":140,"minecraft:water_bucket":458,"minecraft:iron_ore":29,"minecraft:cobblestone_stairs":5,"minecraft:rabbit":1,"minecraft:baked_potato":651,"minecraft:stonecutter":1,"minecraft:cobblestone_slab":358,"minecraft:rail":2,"minecraft:oak_slab":670,"minecraft:tnt":4,"minecraft:crafting_table":16,"minecraft:white_bed":14,"minecraft:smoker":1,"minecraft:oak_log":54,"minecraft:ender_eye":20,"minecraft:apple":39,"minecraft:command_block":123,"minecraft:oak_button":124,"minecraft:iron_pickaxe":2982,"minecraft:stone_axe":735,"minecraft:fishing_rod":143,"minecraft:cobblestone":152,"minecraft:bucket":444,"minecraft:repeating_command_block":2,"minecraft:end_portal_frame":27},"minecraft:mined":{"minecraft:white_bed":11,"minecraft:oak_sapling":6,"minecraft:cobblestone_stairs":2,"minecraft:grass_block":45,"minecraft:oak_wall_sign":10,"minecraft:spawner":3,"minecraft:magma_block":139,"minecraft:iron_ore":302,"minecraft:fire":383,"minecraft:anvil":7,"minecraft:oak_sign":6,"minecraft:oak_stairs":7,"minecraft:blackstone":199,"minecraft:torch":16,"minecraft:end_stone_brick_slab":29,"minecraft:chest":1,"minecraft:nether_quartz_ore":2,"minecraft:cobblestone":154,"minecraft:oak_planks":682,"minecraft:wall_torch":13,"minecraft:wheat":146,"minecraft:grass":30,"minecraft:oak_log":477,"minecraft:dirt":56,"minecraft:netherrack":893,"minecraft:oak_leaves":1848,"minecraft:nether_gold_ore":2,"minecraft:shulker_box":41,"minecraft:end_stone":758,"minecraft:ladder":5,"minecraft:red_mushroom":5,"minecraft:oak_trapdoor":7,"minecraft:furnace":3,"minecraft:carrots":64,"minecraft:potatoes":2,"minecraft:cobblestone_slab":76,"minecraft:rail":1,"minecraft:stripped_oak_log":1,"minecraft:stone":181,"minecraft:oak_slab":72,"minecraft:basalt":620,"minecraft:crafting_table":5,"minecraft:tall_grass":13,"minecraft:oak_button":7,"minecraft:chipped_anvil":4},"minecraft:crafted":{"minecraft:oak_planks":5897,"minecraft:cobblestone_slab":270,"minecraft:oak_sign":27,"minecraft:cobblestone_stairs":4,"minecraft:hopper":1,"minecraft:bow":6,"minecraft:iron_boots":4,"minecraft:chest":23,"minecraft:oak_button":117,"minecraft:rail":16,"minecraft:stone_hoe":4,"minecraft:cooked_rabbit":225,"minecraft:golden_boots":1,"minecraft:smoker":1,"minecraft:oak_slab":624,"minecraft:crafting_table":9,"minecraft:wooden_pickaxe":1,"minecraft:iron_helmet":9,"minecraft:golden_pickaxe":4,"minecraft:gold_block":8,"minecraft:hopper_minecart":1,"minecraft:end_stone_brick_slab":6,"minecraft:iron_chestplate":9,"minecraft:golden_leggings":1,"minecraft:charcoal":15,"minecraft:shield":25,"minecraft:stick":104,"minecraft:iron_ingot":290,"minecraft:iron_pickaxe":10,"minecraft:stone_sword":1,"minecraft:golden_carrot":115,"minecraft:stone_shovel":1,"minecraft:fishing_rod":1,"minecraft:golden_chestplate":1,"minecraft:furnace":3,"minecraft:bone_meal":117,"minecraft:end_stone_bricks":4,"minecraft:oak_trapdoor":2,"minecraft:leather":63,"minecraft:iron_axe":6,"minecraft:ladder":3,"minecraft:iron_hoe":4,"minecraft:stone_pickaxe":4,"minecraft:cobblestone_wall":12,"minecraft:golden_helmet":2,"minecraft:minecart":1,"minecraft:iron_sword":4,"minecraft:stone_axe":9,"minecraft:bread":48,"minecraft:air":0,"minecraft:oak_boat":6,"minecraft:white_wool":6,"minecraft:golden_apple":24,"minecraft:gold_nugget":875,"minecraft:oak_stairs":20,"minecraft:iron_leggings":10,"minecraft:white_bed":2,"minecraft:torch":12},"minecraft:broken":{"minecraft:golden_helmet":3,"minecraft:golden_boots":1,"minecraft:leather_leggings":2,"minecraft:iron_boots":3,"minecraft:iron_chestplate":5,"minecraft:iron_leggings":7,"minecraft:chainmail_boots":9,"minecraft:golden_leggings":1,"minecraft:stone_pickaxe":1,"minecraft:chainmail_chestplate":3,"minecraft:stone_axe":2,"minecraft:iron_sword":1,"minecraft:golden_chestplate":1,"minecraft:iron_hoe":4,"minecraft:leather_helmet":1,"minecraft:chainmail_leggings":4,"minecraft:stone_sword":1,"minecraft:chainmail_helmet":2,"minecraft:leather_chestplate":3,"minecraft:stone_hoe":2,"minecraft:shield":17,"minecraft:iron_axe":2,"minecraft:leather_boots":9,"minecraft:iron_pickaxe":3,"minecraft:iron_helmet":7,"minecraft:golden_pickaxe":4}},"DataVersion":2586}