{"stats":{"minecraft:crafted":{"minecraft:wooden_sword":1,"minecraft:oak_planks":32,"minecraft:stick":4,"minecraft:golden_sword":1,"minecraft:iron_pickaxe":1},"minecraft:used":{"minecraft:iron_pickaxe":6,"minecraft:oak_planks":3},"minecraft:mined":{"minecraft:oak_log":8,"minecraft:iron_ore":4,"minecraft:oak_planks":12,"minecraft:oak_leaves":24},"minecraft:dropped":{"minecraft:oak_log":36},"minecraft:picked_up":{"minecraft:oak_sign":1,"minecraft:iron_ingot":20,"minecraft:iron_ore":7,"minecraft:oak_log":8,"minecraft:oak_planks":11},"minecraft:custom":{"minecraft:time_since_rest":574,"minecraft:open_chest":37,"minecraft:interact_with_furnace":4,"minecraft:play_one_minute":67899,"minecraft:crouch_one_cm":3182,"minecraft:sprint_one_cm":65130,"minecraft:walk_one_cm":195569,"minecraft:damage_taken":3549,"minecraft:deaths":17,"minecraft:sneak_time":1003,"minecraft:walk_under_water_one_cm":11938,"minecraft:interact_with_anvil":1,"minecraft:boat_one_cm":382,"minecraft:drop":1,"minecraft:jump":260,"minecraft:leave_game":1,"minecraft:time_since_death":567,"minecraft:walk_on_water_one_cm":5714,"minecraft:sleep_in_bed":1,"minecraft:climb_one_cm":11803,"minecraft:interact_with_crafting_table":8,"minecraft:fall_one_cm":14655,"minecraft:fly_one_cm":11900},"minecraft:killed_by":{"minecraft:skeleton":1}},"DataVersion":2586}