{"stats":{"minecraft:crafted":{"minecraft:air":0,"minecraft:iron_ingot":4},"minecraft:used":{"minecraft:oak_log":4,"minecraft:baked_potato":5},"minecraft:mined":{"minecraft:oak_log":2},"minecraft:picked_up":{"minecraft:oak_log":1},"minecraft:custom":{"minecraft:time_since_rest":9167,"minecraft:open_chest":8,"minecraft:crouch_one_cm":1387,"minecraft:play_one_minute":13566,"minecraft:damage_taken":633,"minecraft:interact_with_furnace":1,"minecraft:sprint_one_cm":34322,"minecraft:deaths":1,"minecraft:walk_one_cm":6668,"minecraft:sneak_time":411,"minecraft:walk_under_water_one_cm":12255,"minecraft:jump":130,"minecraft:damage_dealt":50,"minecraft:leave_game":3,"minecraft:walk_on_water_one_cm":5792,"minecraft:time_since_death":9163,"minecraft:climb_one_cm":345,"minecraft:swim_one_cm":896,"minecraft:fall_one_cm":3484,"minecraft:fly_one_cm":25321},"minecraft:killed_by":{"minecraft:pillager":1}},"DataVersion":2586}